[{"name": null, "code": "DN", "name_translations": {"en": "Norwegian Air"}}, {"name": null, "code": "AI", "name_translations": {"en": "Air India"}}, {"name": null, "code": "V1", "name_translations": {"en": "IBS Software Services Americas, Inc."}}, {"name": null, "code": "DE", "name_translations": {"en": "Condor"}}, {"name": "\u0410\u0432\u0440\u043e\u0440\u0430", "code": "HZ", "name_translations": {"en": "Aurora"}}, {"name": null, "code": "WX", "name_translations": {"en": "Cityjet"}}, {"name": "Air Mekong", "code": "P8", "name_translations": {"en": "Air Mekong"}}, {"name": "\u0411\u0435\u043b\u0430\u0432\u0438\u0430", "code": "B2", "name_translations": {"en": "Belavia"}}, {"name": null, "code": "2D", "name_translations": {"en": "Eastern Airlines, LLC"}}, {"name": null, "code": "2I", "name_translations": {"en": "Star Peru"}}, {"name": null, "code": "AF", "name_translations": {"en": "Air France"}}, {"name": "Ellinair", "code": "EL", "name_translations": {"en": "Ellinair"}}, {"name": "North Flying", "code": "M3", "name_translations": {"en": "North Flying"}}, {"name": null, "code": "SV", "name_translations": {"en": "Saudia"}}, {"name": null, "code": "FM", "name_translations": {"en": "Shanghai Airlines"}}, {"name": "La Compagnie", "code": "B0", "name_translations": {"en": "La Compagnie"}}, {"name": "Safarilink Aviation", "code": "F2", "name_translations": {"en": "Safarilink Aviation"}}, {"name": null, "code": "JQ", "name_translations": {"en": "Jetstar"}}, {"name": null, "code": "D5", "name_translations": {"en": "DHL Aero Expreso S.A."}}, {"name": null, "code": "VC", "name_translations": {"en": "Charter Air Transport, Inc."}}, {"name": null, "code": "1R", "name_translations": {"en": "Bird Information Systems Private Limited"}}, {"name": null, "code": "UL", "name_translations": {"en": "Srilankan Airlines"}}, {"name": null, "code": "PB", "name_translations": {"en": "Provincial Airlines"}}, {"name": null, "code": "3H", "name_translations": {"en": "Air Inuit"}}, {"name": null, "code": "KE", "name_translations": {"en": "Korean Air"}}, {"name": null, "code": "1M", "name_translations": {"en": "JSC Transport Automated InformationSystems - TAIS"}}, {"name": null, "code": "AK", "name_translations": {"en": "AirAsia"}}, {"name": null, "code": "LO", "name_translations": {"en": "LOT Polish Airlines"}}, {"name": "\u041c\u0435\u0442\u0440\u043e\u0434\u0436\u0435\u0442", "code": "7K", "name_translations": {"en": "MetroJet"}}, {"name": null, "code": "2A", "name_translations": {"en": "Deutsche Bahn AG"}}, {"name": "Ukraine International airlines", "code": "PS", "name_translations": {"en": "UIA"}}, {"name": null, "code": "8P", "name_translations": {"en": "Pacific Coastal Airlines"}}, {"name": null, "code": "CX", "name_translations": {"en": "Cathay Pacific"}}, {"name": null, "code": "Z4", "name_translations": {"en": "Zagros Air Co."}}, {"name": "EcoJet", "code": "8J", "name_translations": {"en": "EcoJet"}}, {"name": null, "code": "OY", "name_translations": {"en": "Andes Lineas Aereas"}}, {"name": "Orbest", "code": "6O", "name_translations": {"en": "Orbest"}}, {"name": "Sun-Air of Scandinavia", "code": "EZ", "name_translations": {"en": "Sun-Air of Scandinavia"}}, {"name": null, "code": "5A", "name_translations": {"en": "Alpine Aviation Inc."}}, {"name": null, "code": "W8", "name_translations": {"en": "Cargojet Airways Ltd."}}, {"name": null, "code": "WG", "name_translations": {"en": "Sunwing Airlines"}}, {"name": null, "code": "SB", "name_translations": {"en": "Aircalin"}}, {"name": null, "code": "XP", "name_translations": {"en": "TEM Enterprises"}}, {"name": "Qanot Sharq", "code": "HH", "name_translations": {"en": "Qanot Sharq"}}, {"name": null, "code": "YY", "name_translations": {"en": "Major Airline"}}, {"name": null, "code": "W7", "name_translations": {"en": "Wings of Lebanon S.a.l"}}, {"name": null, "code": "JM", "name_translations": {"en": "Air Jamaica"}}, {"name": null, "code": "UO", "name_translations": {"en": "Hong Kong Express Airways"}}, {"name": "\u0422\u0440\u0430\u043d\u0441\u0430\u044d\u0440\u043e", "code": "UN", "name_translations": {"en": "Transaero\u00a0Airlines"}}, {"name": null, "code": "XT", "name_translations": {"en": "Indonesia AirAsia Extra, PT"}}, {"name": "Skymark Airlines", "code": "BC", "name_translations": {"en": "Skymark Airlines"}}, {"name": null, "code": "VY", "name_translations": {"en": "Vueling"}}, {"name": null, "code": "V0", "name_translations": {"en": "Conviasa"}}, {"name": null, "code": "SC", "name_translations": {"en": "Shandong Airlines"}}, {"name": "Buta Airways", "code": "55", "name_translations": {"en": "Buta Airways"}}, {"name": "Air Lituanica", "code": "LT", "name_translations": {"en": "Air Lituanica"}}, {"name": null, "code": "2H", "name_translations": {"en": "Thalys International"}}, {"name": null, "code": "HM", "name_translations": {"en": "Air Seychelles"}}, {"name": null, "code": "NH", "name_translations": {"en": "All Nippon Airways"}}, {"name": null, "code": "FL", "name_translations": {"en": "Airtran Airways"}}, {"name": null, "code": "IE", "name_translations": {"en": "Solomon Airlines"}}, {"name": "Hellas Jet", "code": "HJ", "name_translations": {"en": "Hellas Jet"}}, {"name": "Ruili Airlines", "code": "DR", "name_translations": {"en": "Ruili Airlines"}}, {"name": "Urumqi Air", "code": "UQ", "name_translations": {"en": "Urumqi Air"}}, {"name": null, "code": "L7", "name_translations": {"en": "Linea Aerea Carguera de Colombia S.A."}}, {"name": null, "code": "MU", "name_translations": {"en": "China Eastern Airlines"}}, {"name": null, "code": "5Q", "name_translations": {"en": "BQB Lineas Aereas"}}, {"name": null, "code": "YP", "name_translations": {"en": "Perimeter Aviation Ltd."}}, {"name": null, "code": "U3", "name_translations": {"en": "As Avies"}}, {"name": null, "code": "Z7", "name_translations": {"en": "Amaszonas"}}, {"name": null, "code": "RL", "name_translations": {"en": "Royal Flight"}}, {"name": null, "code": "2W", "name_translations": {"en": "Welcome Air"}}, {"name": "Vista Georgia", "code": "GT", "name_translations": {"en": "Vista Georgia"}}, {"name": "Polynesian Airlines", "code": "OL", "name_translations": {"en": "Polynesian Airlines"}}, {"name": null, "code": "HT", "name_translations": {"en": "Ningxia Cargo Airlines CO.,LTD"}}, {"name": null, "code": "NS", "name_translations": {"en": "Hebei Airlines"}}, {"name": null, "code": "1A", "name_translations": {"en": "Amadeus IT Group SA"}}, {"name": "Thomson Airways", "code": "BY", "name_translations": {"en": "Thomson Airways"}}, {"name": null, "code": "4U", "name_translations": {"en": "Germanwings"}}, {"name": null, "code": "9N", "name_translations": {"en": "Tropic Air Limited"}}, {"name": "New England Airlines", "code": "EJ", "name_translations": {"en": "New England Airlines"}}, {"name": null, "code": "XQ", "name_translations": {"en": "Sun Express"}}, {"name": null, "code": "GF", "name_translations": {"en": "Gulf Air"}}, {"name": null, "code": "4R", "name_translations": {"en": "CJSC Royal Flight airlines"}}, {"name": null, "code": "VP", "name_translations": {"en": "Villa Air Pvt. Ltd. dba Villa Air"}}, {"name": "\u042e\u0412\u0422 \u0410\u044d\u0440\u043e", "code": "RT", "name_translations": {"en": "UVT Aero"}}, {"name": "Jetstar Japan", "code": "GK", "name_translations": {"en": "Jetstar Japan"}}, {"name": null, "code": "S5", "name_translations": {"en": "Shuttle America"}}, {"name": "GetJet", "code": "GW", "name_translations": {"en": "GetJet"}}, {"name": "Air Arabia Jordan", "code": "9P", "name_translations": {"en": "Air Arabia Jordan"}}, {"name": null, "code": "1H", "name_translations": {"en": "JSC \"Sirena-Travel\""}}, {"name": "SunExpress Deutschland", "code": "XG", "name_translations": {"en": "SunExpress Deutschland"}}, {"name": "Air East", "code": "ER", "name_translations": {"en": "Air East"}}, {"name": null, "code": "KA", "name_translations": {"en": "Cathay Dragon"}}, {"name": "Cobham Aviation Services Australia", "code": "NC", "name_translations": {"en": "Cobham Aviation Services Australia"}}, {"name": null, "code": "K2", "name_translations": {"en": "Eurolot"}}, {"name": "Thomas Cook Airlines Belgium", "code": "HQ", "name_translations": {"en": "Thomas Cook Airlines Belgium"}}, {"name": null, "code": "BR", "name_translations": {"en": "Eva Air"}}, {"name": null, "code": "1V", "name_translations": {"en": "Galileo International"}}, {"name": "Sriwijaya Air", "code": "SJ", "name_translations": {"en": "Sriwijaya Air"}}, {"name": "Alliance Air", "code": "9I", "name_translations": {"en": "Alliance Air"}}, {"name": null, "code": "2F", "name_translations": {"en": "Afrinat International Airlines"}}, {"name": null, "code": "8B", "name_translations": {"en": "Business Air Co Ltd"}}, {"name": "UM Airlines", "code": "UF", "name_translations": {"en": "UM Airlines"}}, {"name": "SUN-AIR", "code": "ZU", "name_translations": {"en": "SUN-AIR"}}, {"name": null, "code": "YU", "name_translations": {"en": "EuroAtlantic Airways S.A."}}, {"name": null, "code": "3M", "name_translations": {"en": "Silver Airways"}}, {"name": null, "code": "01", "name_translations": {"en": "JetHunter"}}, {"name": null, "code": "PD", "name_translations": {"en": "Porter Airlines"}}, {"name": null, "code": "U7", "name_translations": {"en": "Air Uganda"}}, {"name": "Skytrans Airlines", "code": "Q6", "name_translations": {"en": "Skytrans Airlines"}}, {"name": "\u0423\u0440\u0430\u043b\u044c\u0441\u043a\u0438\u0435 \u0430\u0432\u0438\u0430\u043b\u0438\u043d\u0438\u0438", "code": "U6", "name_translations": {"en": "Ural Airlines"}}, {"name": null, "code": "WP", "name_translations": {"en": "Island Air"}}, {"name": null, "code": "EW", "name_translations": {"en": "Eurowings"}}, {"name": null, "code": "TL", "name_translations": {"en": "Airnorth"}}, {"name": null, "code": "6H", "name_translations": {"en": "Israir Airlines"}}, {"name": null, "code": "UD", "name_translations": {"en": "Hex Air"}}, {"name": null, "code": "OJ", "name_translations": {"en": "Fly Jamaica Airways"}}, {"name": "Mistral Air", "code": "M4", "name_translations": {"en": "Mistral Air"}}, {"name": null, "code": "DX", "name_translations": {"en": "Danish Air Transport"}}, {"name": "\u042f\u043a\u0443\u0442\u0438\u044f", "code": "R3", "name_translations": {"en": "Yakutia Airlines"}}, {"name": null, "code": "1E", "name_translations": {"en": "Travelsky Technology Limited"}}, {"name": null, "code": "TO", "name_translations": {"en": "Transavia"}}, {"name": "Safair", "code": "FA", "name_translations": {"en": "Safair"}}, {"name": null, "code": "EQ", "name_translations": {"en": "TAME Linea Aerea del Ecuador"}}, {"name": "Avia Traffic Company", "code": "YK", "name_translations": {"en": "Avia Traffic Company"}}, {"name": null, "code": "5E", "name_translations": {"en": "Siam Ga Co. Ltd."}}, {"name": null, "code": "E5", "name_translations": {"en": "Air Arabia Egypt"}}, {"name": "Premier Airlines", "code": "PRM", "name_translations": {"en": "Premier Airlines"}}, {"name": "Olympic Air", "code": "OA", "name_translations": {"en": "Olympic Air"}}, {"name": null, "code": "0B", "name_translations": {"en": "Blue Air"}}, {"name": "airBaltic", "code": "BT", "name_translations": {"en": "airBaltic"}}, {"name": "Nova Airways", "code": "N9", "name_translations": {"en": "Nova Airways"}}, {"name": null, "code": "T8", "name_translations": {"en": "Telair International GmbH"}}, {"name": null, "code": "Y5", "name_translations": {"en": "Golden Myanmar Airlines Public Co., Ltd"}}, {"name": null, "code": "SN", "name_translations": {"en": "Brussels Airlines"}}, {"name": "SeaPort Airlines", "code": "K5", "name_translations": {"en": "SeaPort Airlines"}}, {"name": null, "code": "BU", "name_translations": {"en": "Compagnie Africaine d'Aviation"}}, {"name": "Solaseed Air", "code": "6J", "name_translations": {"en": "Solaseed Air"}}, {"name": null, "code": "WF", "name_translations": {"en": "Wideroe"}}, {"name": null, "code": "6W", "name_translations": {"en": "FlyBosnia"}}, {"name": "TurboJET", "code": "8S", "name_translations": {"en": "TurboJET"}}, {"name": "Thai Lion Air", "code": "SL", "name_translations": {"en": "Thai Lion Air"}}, {"name": null, "code": "MJ", "name_translations": {"en": "MyWay Airlines"}}, {"name": "airblue", "code": "PA", "name_translations": {"en": "airblue"}}, {"name": "Far Eastern Air Transport", "code": "FE", "name_translations": {"en": "Far Eastern Air Transport"}}, {"name": "Atlasjet Ukraine", "code": "UH", "name_translations": {"en": "Atlasjet Ukraine"}}, {"name": null, "code": "B8", "name_translations": {"en": "Eritrean Airlines"}}, {"name": "Air Arabia Abu Dhabi", "code": "3L", "name_translations": {"en": "Air Arabia Abu Dhabi"}}, {"name": "Cebu Pacific", "code": "5J", "name_translations": {"en": "Cebu Pacific"}}, {"name": null, "code": "A2", "name_translations": {"en": "Animawings"}}, {"name": null, "code": "QB", "name_translations": {"en": "Qeshm Air"}}, {"name": null, "code": "ZC", "name_translations": {"en": "Korongo Airlines"}}, {"name": null, "code": "JA", "name_translations": {"en": "B&H Airlines"}}, {"name": null, "code": "2S", "name_translations": {"en": "Kinda Airlines"}}, {"name": null, "code": "U1", "name_translations": {"en": "Videcom International Limited"}}, {"name": null, "code": "RJ", "name_translations": {"en": "Royal Jordanian"}}, {"name": null, "code": "PO", "name_translations": {"en": "Polar Air Cargo Worldwide, Inc."}}, {"name": "Bemidji Airlines", "code": "CH", "name_translations": {"en": "Bemidji Airlines"}}, {"name": null, "code": "GG", "name_translations": {"en": "Sky Lease I, Inc."}}, {"name": "Ultimate Jetcharters", "code": "UE", "name_translations": {"en": "Ultimate Jetcharters"}}, {"name": "RwandAir", "code": "WB", "name_translations": {"en": "RwandAir"}}, {"name": null, "code": "J9", "name_translations": {"en": "Jazeera Airways"}}, {"name": null, "code": "1T", "name_translations": {"en": "PT Aerosystems Indonesia"}}, {"name": "Skypower Express Airways", "code": "NB", "name_translations": {"en": "Skypower Express Airways"}}, {"name": null, "code": "7V", "name_translations": {"en": "Federal Air"}}, {"name": null, "code": "EU", "name_translations": {"en": "Chengdu Airlines"}}, {"name": "Alliance Airlines", "code": "QQ", "name_translations": {"en": "Alliance Airlines"}}, {"name": "Fuzhou Airlines", "code": "FU", "name_translations": {"en": "Fuzhou Airlines"}}, {"name": "Thomas Cook Airlines", "code": "MT", "name_translations": {"en": "Thomas Cook Airlines"}}, {"name": "LATAM Ecuador", "code": "XL", "name_translations": {"en": "LATAM Ecuador"}}, {"name": null, "code": "XH", "name_translations": {"en": "Special Ground Handling Service -XH"}}, {"name": null, "code": "UA", "name_translations": {"en": "United Airlines"}}, {"name": "Ryan Air Service", "code": "7S", "name_translations": {"en": "Ryan Air Service"}}, {"name": null, "code": "T3", "name_translations": {"en": "Eastern Airways"}}, {"name": "St Barth Commuter", "code": "PV", "name_translations": {"en": "St Barth Commuter"}}, {"name": null, "code": "P0", "name_translations": {"en": "Proflight Zambia"}}, {"name": null, "code": "YE", "name_translations": {"en": "Yan Air Ltd"}}, {"name": null, "code": "CG", "name_translations": {"en": "Airlines PNG"}}, {"name": "Asian Express Airline", "code": "KV", "name_translations": {"en": "Asian Express Airline"}}, {"name": "Azul Brazilian Airlines", "code": "AD", "name_translations": {"en": "Azul Brazilian Airlines"}}, {"name": null, "code": "4I", "name_translations": {"en": "IHY Izmir Havayollari A.S."}}, {"name": "Cronos Airlines", "code": "C8", "name_translations": {"en": "Cronos Airlines"}}, {"name": null, "code": "LD", "name_translations": {"en": "AHK Air Hong Kong Limited"}}, {"name": null, "code": "ZX", "name_translations": {"en": "Air Georgian Ltd. dba Air Alliance"}}, {"name": null, "code": "KN", "name_translations": {"en": "China United Airlines"}}, {"name": null, "code": "V9", "name_translations": {"en": "Thai Vietjet Air"}}, {"name": null, "code": "WT", "name_translations": {"en": "Swiftair"}}, {"name": null, "code": "LL", "name_translations": {"en": "Miami Air International"}}, {"name": null, "code": "D7", "name_translations": {"en": "AirAsia X"}}, {"name": null, "code": "PC", "name_translations": {"en": "Pegasus Airlines"}}, {"name": null, "code": "S3", "name_translations": {"en": "Santa Barbara Airlines"}}, {"name": "Southern Air Charter", "code": "PL", "name_translations": {"en": "Southern Air Charter"}}, {"name": null, "code": "KR", "name_translations": {"en": "Air Bishkek"}}, {"name": "Delta Connection", "code": "DQ", "name_translations": {"en": "Delta Connection"}}, {"name": null, "code": "CT", "name_translations": {"en": "Alitalia CityLiner"}}, {"name": "HOP!", "code": "YS", "name_translations": {"en": "HOP!"}}, {"name": null, "code": "UX", "name_translations": {"en": "Air Europa"}}, {"name": null, "code": "X4", "name_translations": {"en": "Air Excursion, LLC"}}, {"name": null, "code": "UZ", "name_translations": {"en": "Buraq Air Transport (BRQ)"}}, {"name": null, "code": "JP", "name_translations": {"en": "Adria Airways"}}, {"name": "Jazz", "code": "QK", "name_translations": {"en": "Jazz"}}, {"name": null, "code": "BZ", "name_translations": {"en": "Blue Bird Airways"}}, {"name": null, "code": "T7", "name_translations": {"en": "Twin Jet"}}, {"name": null, "code": "XZ", "name_translations": {"en": "South African Express"}}, {"name": null, "code": "XA", "name_translations": {"en": "ARINC(Aeronautical Radio, Inc.)"}}, {"name": null, "code": "ML", "name_translations": {"en": "Air Mediterranee"}}, {"name": "\u0414\u043e\u0431\u0440\u043e\u043b\u0435\u0442", "code": "QD", "name_translations": {"en": "Dobrolet"}}, {"name": null, "code": "SI", "name_translations": {"en": "Blue Islands"}}, {"name": "Sansa Airlines", "code": "RZ", "name_translations": {"en": "Sansa Airlines"}}, {"name": "Sunrise Airways", "code": "S6", "name_translations": {"en": "Sunrise Airways"}}, {"name": null, "code": "B7", "name_translations": {"en": "Uni Air"}}, {"name": "TNT Airways", "code": "3V", "name_translations": {"en": "TNT Airways"}}, {"name": "Windrose Airlines", "code": "7W", "name_translations": {"en": "Windrose Airlines"}}, {"name": "C.A.I. Second", "code": "VE", "name_translations": {"en": "C.A.I. Second"}}, {"name": null, "code": "SM", "name_translations": {"en": "AIR CAIRO"}}, {"name": null, "code": "SE", "name_translations": {"en": "XL Airways France"}}, {"name": null, "code": "XO", "name_translations": {"en": "South East Asian Airlines (SEAIR)International, Inc."}}, {"name": null, "code": "RI", "name_translations": {"en": "Tigerair Mandala"}}, {"name": "China Cargo Airlines", "code": "CK", "name_translations": {"en": "China Cargo Airlines"}}, {"name": null, "code": "1U", "name_translations": {"en": "ITA Software Inc."}}, {"name": "Afghan Jet International", "code": "HN", "name_translations": {"en": "Afghan Jet International"}}, {"name": null, "code": "AB", "name_translations": {"en": "Air Berlin"}}, {"name": null, "code": "SA", "name_translations": {"en": "South African Airways"}}, {"name": "Southern Air", "code": "9R", "name_translations": {"en": "Southern Air"}}, {"name": "Eagle Atlantic Airlines", "code": "E2", "name_translations": {"en": "Eagle Atlantic Airlines"}}, {"name": null, "code": "1C", "name_translations": {"en": "Hewlett-Packard (Schweiz) GmbH"}}, {"name": null, "code": "NK", "name_translations": {"en": "Spirit Airlines"}}, {"name": null, "code": "DB", "name_translations": {"en": "Brit Air"}}, {"name": null, "code": "NM", "name_translations": {"en": "Manx2"}}, {"name": "Canaryfly", "code": "PM", "name_translations": {"en": "Canaryfly"}}, {"name": null, "code": "B5", "name_translations": {"en": "East African Safari Air"}}, {"name": null, "code": "9S", "name_translations": {"en": "Southern Air Inc."}}, {"name": "AirExplore", "code": "ED", "name_translations": {"en": "AirExplore"}}, {"name": null, "code": "9A", "name_translations": {"en": "Eaglexpress Air Charter Sdn.Bhd.dbaEaglexpress Air"}}, {"name": null, "code": "A5", "name_translations": {"en": "HOP!"}}, {"name": null, "code": "8C", "name_translations": {"en": "Air Transport International L.L.C."}}, {"name": "\u0421\u041a\u041e\u041b", "code": "\u0421\u0414", "name_translations": {"en": "SKOL"}}, {"name": null, "code": "YN", "name_translations": {"en": "Air Creebec"}}, {"name": null, "code": "PX", "name_translations": {"en": "Air Niugini"}}, {"name": null, "code": "8Q", "name_translations": {"en": "Onur Air"}}, {"name": null, "code": "0Q", "name_translations": {"en": "Hydro - Quebec"}}, {"name": null, "code": "J0", "name_translations": {"en": "Jetlink Express"}}, {"name": null, "code": "W6", "name_translations": {"en": "Wizz Air"}}, {"name": "Sky-Taxi", "code": "TE", "name_translations": {"en": "Sky-Taxi"}}, {"name": "\u0422\u0430\u0442\u0430\u0440\u0441\u0442\u0430\u043d", "code": "U9", "name_translations": {"en": "Tatarstan Airlines"}}, {"name": "Himalaya Airlines", "code": "H9", "name_translations": {"en": "Himalaya Airlines"}}, {"name": null, "code": "8V", "name_translations": {"en": "Wright Air Service"}}, {"name": "Joon", "code": "JN", "name_translations": {"en": "Joon"}}, {"name": null, "code": "ST", "name_translations": {"en": "Germania"}}, {"name": "Travel Service", "code": "7O", "name_translations": {"en": "Travel Service"}}, {"name": null, "code": "OV", "name_translations": {"en": "SalamAir"}}, {"name": "Maldivian", "code": "Q2", "name_translations": {"en": "Maldivian"}}, {"name": "Azur Air", "code": "ZF", "name_translations": {"en": "Azur Air"}}, {"name": "Uzbekistan Airways Express", "code": "0H", "name_translations": {"en": "Uzbekistan Airways Express"}}, {"name": "\u0421\u0435\u0432\u0435\u0440\u0441\u0442\u0430\u043b\u044c", "code": "D2", "name_translations": {"en": "Severstal Air"}}, {"name": null, "code": "R7", "name_translations": {"en": "Aserca\u00a0Airlines"}}, {"name": null, "code": "AM", "name_translations": {"en": "Aeromexico"}}, {"name": null, "code": "GP", "name_translations": {"en": "Guangxi Beibu Gulf Airlines Co., Ltd."}}, {"name": null, "code": "3O", "name_translations": {"en": "Air Arabia Maroc"}}, {"name": null, "code": "Z3", "name_translations": {"en": "PM Air LLC"}}, {"name": null, "code": "1N", "name_translations": {"en": "Navitaire"}}, {"name": null, "code": "F8", "name_translations": {"en": "Flair Airlines Ltd."}}, {"name": null, "code": "R1", "name_translations": {"en": "Zapways, Inc."}}, {"name": null, "code": "BI", "name_translations": {"en": "Royal Brunei"}}, {"name": null, "code": "MC", "name_translations": {"en": "Air Mobility Command"}}, {"name": null, "code": "N2", "name_translations": {"en": "Trans-Mediterranean Airways"}}, {"name": null, "code": "XB", "name_translations": {"en": "IATA - Clearing HouseInternational Air Transport Association"}}, {"name": null, "code": "LZ", "name_translations": {"en": "Belle Air"}}, {"name": null, "code": "TG", "name_translations": {"en": "Thai Airways"}}, {"name": null, "code": "V8", "name_translations": {"en": "Iliamna Air Taxi Inc."}}, {"name": null, "code": "IZ", "name_translations": {"en": "Arkia"}}, {"name": null, "code": "1F", "name_translations": {"en": "INFINI Travel Information, Inc."}}, {"name": "Bees Airline", "code": "7B", "name_translations": {"en": "Bees Airline"}}, {"name": "Primera Air", "code": "PF", "name_translations": {"en": "Primera Air"}}, {"name": null, "code": "MF", "name_translations": {"en": "Xiamen Airlines"}}, {"name": "ZanAir", "code": "B4", "name_translations": {"en": "ZanAir"}}, {"name": null, "code": "LG", "name_translations": {"en": "Luxair"}}, {"name": null, "code": "AV", "name_translations": {"en": "Avianca"}}, {"name": "Private Wings", "code": "8W", "name_translations": {"en": "Private Wings"}}, {"name": "Skyway Costa Rica", "code": "LC", "name_translations": {"en": "Skyway Costa Rica"}}, {"name": "Jatayu Airlines", "code": "JZ", "name_translations": {"en": "Jatayu Airlines"}}, {"name": null, "code": "IO", "name_translations": {"en": "IrAero"}}, {"name": null, "code": "3W", "name_translations": {"en": "Malawian Airlines"}}, {"name": "Aruba Airlines", "code": "AG", "name_translations": {"en": "Aruba Airlines"}}, {"name": null, "code": "S2", "name_translations": {"en": "Jet Lite"}}, {"name": null, "code": "MZ", "name_translations": {"en": "Merpati Nusantara Airlines"}}, {"name": null, "code": "8K", "name_translations": {"en": "K-Mile Air Co. Ltd"}}, {"name": null, "code": "VW", "name_translations": {"en": "Aeromar"}}, {"name": null, "code": "M9", "name_translations": {"en": "Motor Sich Airlines"}}, {"name": "BB Airways", "code": "BO", "name_translations": {"en": "BB Airways"}}, {"name": "\u0418\u0436\u0430\u0432\u0438\u0430", "code": "I8", "name_translations": {"en": "Izhavia"}}, {"name": null, "code": "4B", "name_translations": {"en": "Boutique Air"}}, {"name": null, "code": "MW", "name_translations": {"en": "Mokulele Airlines"}}, {"name": "Czech Airlines", "code": "OK", "name_translations": {"en": "Czech Airlines"}}, {"name": null, "code": "DV", "name_translations": {"en": "SCAT"}}, {"name": null, "code": "A7", "name_translations": {"en": "Air Niamey"}}, {"name": null, "code": "AA", "name_translations": {"en": "American Airlines"}}, {"name": null, "code": "GS", "name_translations": {"en": "Tianjin Airlines"}}, {"name": "West Link Airlines", "code": "9L", "name_translations": {"en": "West Link Airlines"}}, {"name": null, "code": "FJ", "name_translations": {"en": "Fiji Airways"}}, {"name": "Air Excel", "code": "0X", "name_translations": {"en": "Air Excel"}}, {"name": null, "code": "VX", "name_translations": {"en": "Virgin America "}}, {"name": null, "code": "9X", "name_translations": {"en": "Executive Express Aviation LLC dbaSouthern Airways"}}, {"name": "Jetairfly", "code": "TB", "name_translations": {"en": "Jetairfly"}}, {"name": "Qazaq Air", "code": "IQ", "name_translations": {"en": "Qazaq Air"}}, {"name": "Air Do", "code": "HD", "name_translations": {"en": "Air Do"}}, {"name": null, "code": "HR", "name_translations": {"en": "Hahn Air"}}, {"name": null, "code": "5R", "name_translations": {"en": "Rutas Aereas, C.A. dba  RUTACA"}}, {"name": null, "code": "MM", "name_translations": {"en": "Peach"}}, {"name": null, "code": "TS", "name_translations": {"en": "Air Transat"}}, {"name": "Helic\u00f3pteros del Sureste", "code": "UV", "name_translations": {"en": "Helic\u00f3pteros del Sureste"}}, {"name": null, "code": "7E", "name_translations": {"en": "Sylt Air GmbH"}}, {"name": null, "code": "NX", "name_translations": {"en": "Air Macau"}}, {"name": "H\u00e9li S\u00e9curit\u00e9 H\u00e9licopter Airline", "code": "HS", "name_translations": {"en": "H\u00e9li S\u00e9curit\u00e9 H\u00e9licopter Airline"}}, {"name": null, "code": "9B", "name_translations": {"en": "AccesRail"}}, {"name": "Bhutan Airlines", "code": "B3", "name_translations": {"en": "Bhutan Airlines"}}, {"name": null, "code": "CE", "name_translations": {"en": "Chalair Aviation"}}, {"name": null, "code": "3P", "name_translations": {"en": "Tiara Air Aruba"}}, {"name": null, "code": "W9", "name_translations": {"en": "Wizz Air"}}, {"name": null, "code": "KY", "name_translations": {"en": "Kunming Airlines"}}, {"name": "Boliviana de Aviaci\u00f3n", "code": "OB", "name_translations": {"en": "Boliviana de Aviaci\u00f3n"}}, {"name": null, "code": "XV", "name_translations": {"en": "BVI Airways"}}, {"name": "Lufthansa Systems", "code": "S1", "name_translations": {"en": "Lufthansa Systems"}}, {"name": null, "code": "YR", "name_translations": {"en": "Grand Canyon Airlines, Inc.dba Scenic Airlines"}}, {"name": null, "code": "GZ", "name_translations": {"en": "Air Rarotonga"}}, {"name": null, "code": "J4", "name_translations": {"en": "BADR AIRLINES"}}, {"name": null, "code": "D0", "name_translations": {"en": "DHL Air Limited"}}, {"name": "Wings Air", "code": "IW", "name_translations": {"en": "Wings Air"}}, {"name": "Shaheen Air", "code": "NL", "name_translations": {"en": "Shaheen Air"}}, {"name": null, "code": "Z9", "name_translations": {"en": "Bek Air"}}, {"name": null, "code": "4L", "name_translations": {"en": "Palau National Airlines"}}, {"name": "Nauru Airline", "code": "ON", "name_translations": {"en": "Nauru Airline"}}, {"name": null, "code": "KF", "name_translations": {"en": "Blue1"}}, {"name": null, "code": "TU", "name_translations": {"en": "Tunisair"}}, {"name": "Norwegian Air Shuttle", "code": "DY", "name_translations": {"en": "Norwegian Air Shuttle"}}, {"name": "AirAsia Japan", "code": "DJ", "name_translations": {"en": "AirAsia Japan"}}, {"name": null, "code": "LE", "name_translations": {"en": "Laparkan Airways, Inc."}}, {"name": "LASER Airlines", "code": "QL", "name_translations": {"en": "LASER Airlines"}}, {"name": null, "code": "Z8", "name_translations": {"en": "Amaszonas"}}, {"name": null, "code": "LS", "name_translations": {"en": "Jet2.com"}}, {"name": null, "code": "LX", "name_translations": {"en": "Swiss International Air Lines"}}, {"name": null, "code": "NT", "name_translations": {"en": "Binter Canarias"}}, {"name": null, "code": "ZY", "name_translations": {"en": "Sky Airlines"}}, {"name": null, "code": "NF", "name_translations": {"en": "Air Vanuatu"}}, {"name": null, "code": "4O", "name_translations": {"en": "Interjet"}}, {"name": null, "code": "7A", "name_translations": {"en": "Air Jet"}}, {"name": null, "code": "FG", "name_translations": {"en": "Ariana Afghan Airlines"}}, {"name": null, "code": "TV", "name_translations": {"en": "Tibet Airlines"}}, {"name": "Norwegian Long Haul", "code": "DU", "name_translations": {"en": "Norwegian Long Haul"}}, {"name": null, "code": "TX", "name_translations": {"en": "Air Caraibes"}}, {"name": "Air C\u00f4te d'Ivoire", "code": "HF", "name_translations": {"en": "Air C\u00f4te d'Ivoire"}}, {"name": null, "code": "0J", "name_translations": {"en": "Premium Jet AG"}}, {"name": "TACA Peru", "code": "T0", "name_translations": {"en": "TACA Peru"}}, {"name": "National Airlines", "code": "N8", "name_translations": {"en": "National Airlines"}}, {"name": "FlyCorporate", "code": "FC", "name_translations": {"en": "FlyCorporate"}}, {"name": null, "code": "TT", "name_translations": {"en": "Tigerair Australia"}}, {"name": "Everts Air Cargo", "code": "5V", "name_translations": {"en": "Everts Air Cargo"}}, {"name": null, "code": "2J", "name_translations": {"en": "Air Burkina"}}, {"name": null, "code": "JT", "name_translations": {"en": "Lion Air"}}, {"name": null, "code": "UR", "name_translations": {"en": "Uganda Airlines"}}, {"name": null, "code": "W5", "name_translations": {"en": "Mahan Airlines"}}, {"name": null, "code": "G9", "name_translations": {"en": "Air Arabia"}}, {"name": null, "code": "WO", "name_translations": {"en": "Swoop"}}, {"name": null, "code": "OZ", "name_translations": {"en": "Asiana Airlines"}}, {"name": "Trans States Airlines", "code": "AX", "name_translations": {"en": "Trans States Airlines"}}, {"name": null, "code": "OM", "name_translations": {"en": "MIAT Mongolian Airlines"}}, {"name": null, "code": "C4", "name_translations": {"en": "Conquest Air, Inc."}}, {"name": "Regional Air Services", "code": "8N", "name_translations": {"en": "Regional Air Services"}}, {"name": "Aklak Air", "code": "6L", "name_translations": {"en": "Aklak Air"}}, {"name": null, "code": "2Y", "name_translations": {"en": "PT. My Indo Airlines"}}, {"name": null, "code": "SZ", "name_translations": {"en": "Somon Air"}}, {"name": "Air Liaison", "code": "Q9", "name_translations": {"en": "Air Liaison"}}, {"name": null, "code": "QJ", "name_translations": {"en": "Jet Airways Inc."}}, {"name": null, "code": "VT", "name_translations": {"en": "Air Tahiti"}}, {"name": "Jet Asia Airways", "code": "JF", "name_translations": {"en": "Jet Asia Airways"}}, {"name": "\u0413\u0430\u0437\u043f\u0440\u043e\u043c \u0430\u0432\u0438\u0430", "code": "4G", "name_translations": {"en": "Gazpromavia"}}, {"name": null, "code": "O2", "name_translations": {"en": "Linear Air"}}, {"name": null, "code": "LN", "name_translations": {"en": "Libyan Airlines"}}, {"name": null, "code": "TN", "name_translations": {"en": "Air Tahiti Nui"}}, {"name": "Nakina Air Service", "code": "T2", "name_translations": {"en": "Nakina Air Service"}}, {"name": null, "code": "NE", "name_translations": {"en": "Nesma Airlines"}}, {"name": null, "code": "UJ", "name_translations": {"en": "Almasria Universal Airlines"}}, {"name": "\u0414\u043d\u0435\u043f\u0440\u0430\u0432\u0438\u0430", "code": "Z6", "name_translations": {"en": "Dniproavia"}}, {"name": "Novoair", "code": "VQ", "name_translations": {"en": "Novoair"}}, {"name": null, "code": "NW", "name_translations": {"en": "Northwest Airlines"}}, {"name": "Vistara", "code": "UK", "name_translations": {"en": "Vistara"}}, {"name": "\u0410\u041b\u0420\u041e\u0421\u0410", "code": "6R", "name_translations": {"en": "ALROSA"}}, {"name": null, "code": "RK", "name_translations": {"en": "Skyview Airways Company Limiteddba Skyview"}}, {"name": "Regional Jet O\u00dc", "code": "EE", "name_translations": {"en": "Regional Jet O\u00dc"}}, {"name": "Emetebe S.A.", "code": "0E", "name_translations": {"en": "Emetebe S.A."}}, {"name": "Antrak Air", "code": "O4", "name_translations": {"en": "Antrak Air"}}, {"name": "\u0421\u0435\u0432\u0435\u0440\u043d\u044b\u0439 \u0412\u0435\u0442\u0435\u0440 (Nordwind Airlines)", "code": "N4", "name_translations": {"en": "Nordwind Airlines"}}, {"name": null, "code": "QZ", "name_translations": {"en": "Indonesia AirAsia"}}, {"name": "Business jet", "code": "0W", "name_translations": {"en": "Business jet"}}, {"name": null, "code": "WK", "name_translations": {"en": "Edelweiss Air"}}, {"name": "Japan Air Commuter", "code": "JC", "name_translations": {"en": "Japan Air Commuter"}}, {"name": null, "code": "RC", "name_translations": {"en": "Atlantic Airways"}}, {"name": null, "code": "PN", "name_translations": {"en": "China West Air"}}, {"name": null, "code": "3U", "name_translations": {"en": "Sichuan Airlines"}}, {"name": null, "code": "EG", "name_translations": {"en": "Ernest Airline"}}, {"name": "Viva Air", "code": "VV", "name_translations": {"en": "Viva Air"}}, {"name": null, "code": "KD", "name_translations": {"en": "PT Kal Star Aviation"}}, {"name": null, "code": "1P", "name_translations": {"en": "Worldspan"}}, {"name": "Aero-Charter Ukraine", "code": "DW", "name_translations": {"en": "Aero-Charter Ukraine"}}, {"name": null, "code": "WU", "name_translations": {"en": "Wizz Air Ukraine"}}, {"name": "Braathens Regional", "code": "DC", "name_translations": {"en": "Braathens Regional"}}, {"name": null, "code": "KQ", "name_translations": {"en": "Kenya Airways"}}, {"name": null, "code": "XY", "name_translations": {"en": "Nas Air"}}, {"name": null, "code": "PR", "name_translations": {"en": "Philippine Airlines"}}, {"name": "Wamos Air", "code": "EB", "name_translations": {"en": "Wamos Air"}}, {"name": "Corendon Dutch Airlines", "code": "CD", "name_translations": {"en": "Corendon Dutch Airlines"}}, {"name": null, "code": "3T", "name_translations": {"en": "Tarco Air"}}, {"name": null, "code": "KX", "name_translations": {"en": "Cayman Airways"}}, {"name": "Air Cargo Germany", "code": "6U", "name_translations": {"en": "Air Cargo Germany"}}, {"name": null, "code": "AE", "name_translations": {"en": "Mandarin Airlines"}}, {"name": null, "code": "CZ", "name_translations": {"en": "China Southern Airlines"}}, {"name": "Tectimes Sudamerica", "code": "C1", "name_translations": {"en": "Tectimes Sudamerica"}}, {"name": "Helijet", "code": "JB", "name_translations": {"en": "Helijet"}}, {"name": null, "code": "FX", "name_translations": {"en": "FedEx"}}, {"name": "Republic Airlines", "code": "YX", "name_translations": {"en": "Republic Airlines"}}, {"name": null, "code": "2L", "name_translations": {"en": "Helvetic Airways"}}, {"name": null, "code": "L9", "name_translations": {"en": "Lumiwings"}}, {"name": null, "code": "PW", "name_translations": {"en": "Precision Air"}}, {"name": null, "code": "NU", "name_translations": {"en": "Japan Transocean Air"}}, {"name": "KrasAvia", "code": "KI", "name_translations": {"en": "KrasAvia"}}, {"name": null, "code": "KP", "name_translations": {"en": "ASKY Airlines"}}, {"name": null, "code": "I9", "name_translations": {"en": "Air Italy"}}, {"name": null, "code": "R5", "name_translations": {"en": "Jordan Aviation"}}, {"name": null, "code": "F9", "name_translations": {"en": "Frontier Airlines"}}, {"name": null, "code": "UI", "name_translations": {"en": "Auric Air Services Limited"}}, {"name": "DoKaSch", "code": "3D", "name_translations": {"en": "DoKaSch"}}, {"name": null, "code": "4A", "name_translations": {"en": "Aero Transporte S.A."}}, {"name": "\u0410\u044d\u0440\u043e\u0444\u043b\u043e\u0442", "code": "SU", "name_translations": {"en": "Aeroflot"}}, {"name": null, "code": "3K", "name_translations": {"en": "Jetstar Asia"}}, {"name": null, "code": "BH", "name_translations": {"en": "Hawkair"}}, {"name": null, "code": "1S", "name_translations": {"en": "Sabre Inc."}}, {"name": null, "code": "JI", "name_translations": {"en": "Meraj Air"}}, {"name": "9G Rail", "code": "9G", "name_translations": {"en": "9G Rail"}}, {"name": "LATAM Chile", "code": "LA", "name_translations": {"en": "LATAM Chile"}}, {"name": null, "code": "FR", "name_translations": {"en": "Ryanair"}}, {"name": null, "code": "IU", "name_translations": {"en": "SW Italia s.p.a."}}, {"name": null, "code": "XI", "name_translations": {"en": "Aeronautical Telecommunications Ltd.(AEROTEL)"}}, {"name": "Songbird Airways", "code": "F3", "name_translations": {"en": "Flyadeal"}}, {"name": null, "code": "LV", "name_translations": {"en": "Level"}}, {"name": "Ravn Alaska", "code": "7H", "name_translations": {"en": "Ravn Alaska"}}, {"name": "Air Kiribati Limited", "code": "IK", "name_translations": {"en": "Air Kiribati Limited"}}, {"name": null, "code": "ZP", "name_translations": {"en": "Silk Way Airlines"}}, {"name": null, "code": "QA", "name_translations": {"en": "Cimber"}}, {"name": null, "code": "EN", "name_translations": {"en": "Air Dolomiti"}}, {"name": "\u0421\u0430\u043f\u0441\u0430\u043d", "code": "R0", "name_translations": {"en": "Russian Railways"}}, {"name": "ZIPAIR Tokyo", "code": "ZG", "name_translations": {"en": "ZIPAIR Tokyo"}}, {"name": "\u042f\u043c\u0430\u043b", "code": "YC", "name_translations": {"en": "Yamal Airlines"}}, {"name": null, "code": "Q8", "name_translations": {"en": "Trans Air Congo"}}, {"name": null, "code": "YV", "name_translations": {"en": "Mesa Airlines"}}, {"name": "C.A.I. First", "code": "XM", "name_translations": {"en": "C.A.I. First"}}, {"name": null, "code": "1K", "name_translations": {"en": "Sutra Inc."}}, {"name": null, "code": "AT", "name_translations": {"en": "Royal Air Maroc"}}, {"name": "Starbow", "code": "S9", "name_translations": {"en": "Starbow"}}, {"name": "\u0422\u0443\u0440\u043a\u043c\u0435\u043d\u0441\u043a\u0438\u0435 \u0430\u0432\u0438\u0430\u043b\u0438\u043d\u0438\u0438", "code": "T5", "name_translations": {"en": "Turkmenistan Airlines"}}, {"name": null, "code": "XE", "name_translations": {"en": "ExpressJet"}}, {"name": "AVANZA", "code": "6V", "name_translations": {"en": "AVANZA"}}, {"name": null, "code": "XX", "name_translations": {"en": "Major Airline"}}, {"name": "\u0414\u043e\u043d\u0430\u0432\u0438\u0430", "code": "D9", "name_translations": {"en": "Donavia"}}, {"name": "RUS Aviation", "code": "R4", "name_translations": {"en": "RUS Aviation"}}, {"name": null, "code": "X5", "name_translations": {"en": "S.C. Ten Airways S.R.L."}}, {"name": null, "code": "1J", "name_translations": {"en": "Axess International Network Inc."}}, {"name": null, "code": "FO", "name_translations": {"en": "Felix Airways"}}, {"name": null, "code": "4Y", "name_translations": {"en": "Airbus Transport International"}}, {"name": "Siam Air", "code": "O8", "name_translations": {"en": "Siam Air"}}, {"name": "Coastal Travels", "code": "CQ", "name_translations": {"en": "Coastal Travels"}}, {"name": "Aerov\u00edas DAP", "code": "V5", "name_translations": {"en": "Aerov\u00edas DAP"}}, {"name": "SATA", "code": "S4", "name_translations": {"en": "SATA"}}, {"name": null, "code": "TH", "name_translations": {"en": "Raya Airways Sdn. Bhd.dba Raya Airways"}}, {"name": null, "code": "TK", "name_translations": {"en": "Turkish Airlines"}}, {"name": "Interstate Airlines", "code": "I4", "name_translations": {"en": "Interstate Airlines"}}, {"name": null, "code": "2M", "name_translations": {"en": "Moldavian Airlines"}}, {"name": null, "code": "LI", "name_translations": {"en": "Liat"}}, {"name": null, "code": "V3", "name_translations": {"en": "Carpatair"}}, {"name": "Aurigny Air Services", "code": "GR", "name_translations": {"en": "Aurigny Air Services"}}, {"name": "\u042e\u0436\u043d\u043e\u0435 \u041d\u0435\u0431\u043e", "code": "IH", "name_translations": {"en": "Southern Sky"}}, {"name": null, "code": "RR", "name_translations": {"en": "Buzz"}}, {"name": null, "code": "ZE", "name_translations": {"en": "Eastar Jet"}}, {"name": null, "code": "Y1", "name_translations": {"en": "Travel Technology Interactive SA"}}, {"name": null, "code": "7L", "name_translations": {"en": "Aerocaribbean"}}, {"name": "Oriental Air Bridge", "code": "OC", "name_translations": {"en": "Oriental Air Bridge"}}, {"name": "Farelogix Qatar Airways", "code": "F1", "name_translations": {"en": "Farelogix Qatar Airways"}}, {"name": "FlyOne Armenia", "code": "3F", "name_translations": {"en": "FlyOne"}}, {"name": null, "code": "2P", "name_translations": {"en": "PAL Express"}}, {"name": "Norwegian Air International", "code": "D8", "name_translations": {"en": "Norwegian Air International"}}, {"name": "Air Timor", "code": "6C", "name_translations": {"en": "Air Timor"}}, {"name": "Malindo Air", "code": "OD", "name_translations": {"en": "Malindo Air"}}, {"name": "Niger Airlines", "code": "6N", "name_translations": {"en": "Niger Airlines"}}, {"name": null, "code": "9V", "name_translations": {"en": "Avior Airlines"}}, {"name": "S7 Airlines", "code": "S7", "name_translations": {"en": "S7 Airlines"}}, {"name": "\u042d\u0439\u0440 \u0410\u0441\u0442\u0430\u043d\u0430 (Air Astana)", "code": "KC", "name_translations": {"en": "Air Astana"}}, {"name": "Jet Express", "code": "G2", "name_translations": {"en": "Jet Express"}}, {"name": null, "code": "4W", "name_translations": {"en": "Warbelow's Air Ventures"}}, {"name": "Afrijet Business Service", "code": "J7", "name_translations": {"en": "Afrijet Business Service"}}, {"name": "\u0412\u043b\u0430\u0434\u0438\u0432\u043e\u0441\u0442\u043e\u043a \u0410\u0432\u0438\u0430", "code": "XF", "name_translations": {"en": "Vladivostok Air"}}, {"name": null, "code": "9T", "name_translations": {"en": "ACT Havayollari A.S."}}, {"name": null, "code": "V6", "name_translations": {"en": "Clairmont Holdings Ltd dba VI Air Link"}}, {"name": "Thomas Cook Airlines Scandinavia", "code": "DK", "name_translations": {"en": "Thomas Cook Airlines Scandinavia"}}, {"name": null, "code": "5D", "name_translations": {"en": "Aerolitoral S.A. de C.V."}}, {"name": null, "code": "IB", "name_translations": {"en": "Iberia"}}, {"name": null, "code": "XS", "name_translations": {"en": "SITA - Airlines WorldwideTelecommunications and Information Svcs"}}, {"name": null, "code": "ND", "name_translations": {"en": "Sky Wings Airlines"}}, {"name": null, "code": "YI", "name_translations": {"en": "Air Sunshine Inc."}}, {"name": "Pan American World Airways", "code": "7N", "name_translations": {"en": "Pan American World Airways"}}, {"name": null, "code": "GV", "name_translations": {"en": "Grant Aviation, Inc."}}, {"name": null, "code": "QO", "name_translations": {"en": "Quikjet Cargo Airlines Pvt. Ltd"}}, {"name": null, "code": "2V", "name_translations": {"en": "Amtrak"}}, {"name": null, "code": "3C", "name_translations": {"en": "Calima Aviacion S.L"}}, {"name": null, "code": "PE", "name_translations": {"en": "People's Viennaline"}}, {"name": null, "code": "IX", "name_translations": {"en": "Air India Express"}}, {"name": null, "code": "YT", "name_translations": {"en": "Yeti Airlines Domestic Pvt. Ltd."}}, {"name": null, "code": "WN", "name_translations": {"en": "Southwest Airlines"}}, {"name": null, "code": "SD", "name_translations": {"en": "Sudan Airways"}}, {"name": "Nolinor Aviation", "code": "N5", "name_translations": {"en": "Nolinor Aviation"}}, {"name": null, "code": "AP", "name_translations": {"en": "Air One"}}, {"name": "Chautauqua Airlines", "code": "RP", "name_translations": {"en": "Chautauqua Airlines"}}, {"name": "Valuair", "code": "VF", "name_translations": {"en": "Valuair"}}, {"name": null, "code": "AW", "name_translations": {"en": "Africa World Airlines"}}, {"name": null, "code": "8E", "name_translations": {"en": "Bering Air"}}, {"name": null, "code": "AS", "name_translations": {"en": "Alaska Airlines"}}, {"name": "Iran Air Tours", "code": "B9", "name_translations": {"en": "Iran Air Tours"}}, {"name": null, "code": "XK", "name_translations": {"en": "Air Corsica"}}, {"name": "Air Tanzania", "code": "TC", "name_translations": {"en": "Air Tanzania"}}, {"name": "Germania Flug", "code": "GM", "name_translations": {"en": "Germania Flug"}}, {"name": "Fly540", "code": "5H", "name_translations": {"en": "Fly540"}}, {"name": null, "code": "4Q", "name_translations": {"en": "Safi Airways"}}, {"name": "Sky Express (\u0421\u043a\u0430\u0439 \u042d\u043a\u0441\u043f\u0440\u0435\u0441\u0441)", "code": "GQ", "name_translations": {"en": "Sky Express"}}, {"name": null, "code": "AZ", "name_translations": {"en": "ITA Airways"}}, {"name": null, "code": "4T", "name_translations": {"en": "Belair Airlines"}}, {"name": "Myanmar National Airlines", "code": "UB", "name_translations": {"en": "Myanmar National Airlines"}}, {"name": "Gol Transportes A\u00e9reos", "code": "G3", "name_translations": {"en": "Gol Transportes A\u00e9reos"}}, {"name": null, "code": "W1", "name_translations": {"en": "World Ticket Ltd"}}, {"name": null, "code": "FD", "name_translations": {"en": "Thai AirAsia"}}, {"name": null, "code": "MD", "name_translations": {"en": "Air Madagascar"}}, {"name": "Westair Aviation", "code": "WV", "name_translations": {"en": "Westair Aviation"}}, {"name": "Aero Contractors", "code": "NG", "name_translations": {"en": "Aero Contractors"}}, {"name": null, "code": "ZL", "name_translations": {"en": "Regional Express"}}, {"name": "TIK Systems", "code": "T1", "name_translations": {"en": "TIK Systems"}}, {"name": "Loganair", "code": "LM", "name_translations": {"en": "Loganair"}}, {"name": null, "code": "EP", "name_translations": {"en": "Iran Aseman Airlines"}}, {"name": null, "code": "2Q", "name_translations": {"en": "Air Cargo Carriers, LLC."}}, {"name": null, "code": "HP", "name_translations": {"en": "Amapola Flyg AB"}}, {"name": null, "code": "SG", "name_translations": {"en": "SpiceJet"}}, {"name": null, "code": "5W", "name_translations": {"en": "Wizz Air"}}, {"name": null, "code": "ID", "name_translations": {"en": "Batik Air"}}, {"name": "Air Indus", "code": "I6", "name_translations": {"en": "Air Indus"}}, {"name": "Envoy Air", "code": "MQ", "name_translations": {"en": "Envoy Air"}}, {"name": null, "code": "4K", "name_translations": {"en": "Kenn Borek Air Ltd."}}, {"name": null, "code": "L2", "name_translations": {"en": "Lynden Air Cargo, LLC"}}, {"name": null, "code": "V7", "name_translations": {"en": "Volotea"}}, {"name": null, "code": "SY", "name_translations": {"en": "Sun Country Airlines"}}, {"name": null, "code": "IM", "name_translations": {"en": "JSC Aircompany ATMA"}}, {"name": null, "code": "KH", "name_translations": {"en": "Kyrgyz Air"}}, {"name": null, "code": "EC", "name_translations": {"en": "OpenSkies"}}, {"name": "\u041f\u043e\u0431\u0435\u0434\u0430", "code": "DP", "name_translations": {"en": "Pobeda"}}, {"name": null, "code": "5B", "name_translations": {"en": "Bassaka Air Limited"}}, {"name": null, "code": "YW", "name_translations": {"en": "Air Nostrum"}}, {"name": null, "code": "BW", "name_translations": {"en": "Caribbean Airlines"}}, {"name": null, "code": "YG", "name_translations": {"en": "South Airlines"}}, {"name": "Bul Air", "code": "LB", "name_translations": {"en": "Bul Air"}}, {"name": null, "code": "KB", "name_translations": {"en": "Druk Air"}}, {"name": "Tus Airways", "code": "U8", "name_translations": {"en": "Tus Airways"}}, {"name": "Aerol\u00edneas Mas", "code": "N3", "name_translations": {"en": "Aerol\u00edneas Mas"}}, {"name": null, "code": "RO", "name_translations": {"en": "Tarom"}}, {"name": "TAR Aerol\u00edneas", "code": "YQ", "name_translations": {"en": "TAR Aerol\u00edneas"}}, {"name": null, "code": "PK", "name_translations": {"en": "Pakistan International Airlines"}}, {"name": null, "code": "FY", "name_translations": {"en": "Firefly"}}, {"name": "Vanilla Air", "code": "JW", "name_translations": {"en": "Vanilla Air"}}, {"name": null, "code": "VO", "name_translations": {"en": "Tyrolean Airways"}}, {"name": null, "code": "F7", "name_translations": {"en": "iFly Airlines"}}, {"name": "\u0410\u0437\u0435\u0440\u0431\u0430\u0439\u0434\u0436\u0430\u043d\u0441\u043a\u0438\u0435 \u0430\u0432\u0438\u0430\u043b\u0438\u043d\u0438\u0438 (Azal)", "code": "J2", "name_translations": {"en": "Azerbaijan Airlines"}}, {"name": "Connellan air disaster", "code": "RF", "name_translations": {"en": "Connellan air disaster"}}, {"name": null, "code": "2C", "name_translations": {"en": "SNCF"}}, {"name": "Halcyonair", "code": "7Z", "name_translations": {"en": "Halcyonair"}}, {"name": null, "code": "BN", "name_translations": {"en": "Bahrain Air"}}, {"name": "SiAvia", "code": "KT", "name_translations": {"en": "SiAvia"}}, {"name": null, "code": "4F", "name_translations": {"en": "Air City"}}, {"name": null, "code": "S8", "name_translations": {"en": "Sounds Air Travel & Tourism Ltd."}}, {"name": "Avianca Cargo", "code": "QT", "name_translations": {"en": "Avianca Cargo"}}, {"name": null, "code": "JE", "name_translations": {"en": "Mango"}}, {"name": "Spring Airlines Japan", "code": "IJ", "name_translations": {"en": "Spring Airlines Japan"}}, {"name": "fastjet", "code": "FN", "name_translations": {"en": "fastjet"}}, {"name": "Gambia Bird Airlines", "code": "3G", "name_translations": {"en": "Gambia Bird Airlines"}}, {"name": null, "code": "7I", "name_translations": {"en": "Insel Air"}}, {"name": "Asian Air", "code": "DM", "name_translations": {"en": "Asian Air"}}, {"name": "Air KBZ", "code": "K7", "name_translations": {"en": "Air KBZ"}}, {"name": null, "code": "SW", "name_translations": {"en": "Air Namibia"}}, {"name": null, "code": "ZS", "name_translations": {"en": "JSC Kazaviaspas"}}, {"name": null, "code": "J3", "name_translations": {"en": "Northwestern Air"}}, {"name": "LATAM Argentina", "code": "4M", "name_translations": {"en": "LATAM Argentina"}}, {"name": "SkyWork Airlines", "code": "SX", "name_translations": {"en": "SkyWork Airlines"}}, {"name": "Alpha Air Transport", "code": "7U", "name_translations": {"en": "Alpha Air Transport"}}, {"name": null, "code": "LY", "name_translations": {"en": "El Al Israel Airlines"}}, {"name": "Kharkiv Airlines", "code": "KW", "name_translations": {"en": "Kharkiv Airlines"}}, {"name": null, "code": "UY", "name_translations": {"en": "Air Caucasus"}}, {"name": null, "code": "QV", "name_translations": {"en": "Lao Airlines"}}, {"name": null, "code": "CF", "name_translations": {"en": "China Postal Airlines Ltd."}}, {"name": null, "code": "YJ", "name_translations": {"en": "Asian Wings Airways Limited"}}, {"name": null, "code": "ZV", "name_translations": {"en": "V Air Corporation"}}, {"name": "Donghai Airlines", "code": "DZ", "name_translations": {"en": "Donghai Airlines"}}, {"name": null, "code": "2N", "name_translations": {"en": "Nextjet"}}, {"name": null, "code": "1D", "name_translations": {"en": "Radixx Solutions International, Inc."}}, {"name": null, "code": "YF", "name_translations": {"en": "Department of National Defence"}}, {"name": null, "code": "IG", "name_translations": {"en": "Air Italy"}}, {"name": null, "code": "BP", "name_translations": {"en": "Air Botswana"}}, {"name": "HiSky", "code": "H4", "name_translations": {"en": "HiSky"}}, {"name": null, "code": "ZT", "name_translations": {"en": "Titan Airways Limited"}}, {"name": null, "code": "EM", "name_translations": {"en": "Empire Airlines"}}, {"name": "Aeropostal Alas de Venezuela", "code": "VH", "name_translations": {"en": "Aeropostal Alas de Venezuela"}}, {"name": null, "code": "ZK", "name_translations": {"en": "Great Lakes Airlines"}}, {"name": null, "code": "X7", "name_translations": {"en": "Exec Air, Inc. of Naples"}}, {"name": "Tajik Air", "code": "7J", "name_translations": {"en": "Tajik Air"}}, {"name": null, "code": "UM", "name_translations": {"en": "Air Zimbabwe"}}, {"name": null, "code": "QC", "name_translations": {"en": "Camair-Co"}}, {"name": null, "code": "ZM", "name_translations": {"en": "Air Manas"}}, {"name": null, "code": "G6", "name_translations": {"en": "Ghadames Air Transport"}}, {"name": null, "code": "4P", "name_translations": {"en": "Travel Air"}}, {"name": "Discovery Airways", "code": "DO", "name_translations": {"en": "Discovery Airways"}}, {"name": null, "code": "CI", "name_translations": {"en": "China Airlines"}}, {"name": null, "code": "NZ", "name_translations": {"en": "Air New Zealand"}}, {"name": null, "code": "LW", "name_translations": {"en": "Pacific Wings"}}, {"name": null, "code": "TM", "name_translations": {"en": "LAM Mozambique Airlines"}}, {"name": "Aerogaviota", "code": "KG", "name_translations": {"en": "Aerogaviota"}}, {"name": "MHS Aviation", "code": "M2", "name_translations": {"en": "MHS Aviation"}}, {"name": "Transavia Denmark", "code": "PH", "name_translations": {"en": "Transavia Denmark"}}, {"name": "Azur Air \u0423\u043a\u0440\u0430\u0438\u043d\u0430", "code": "QU", "name_translations": {"en": "Azur Air Ukraine"}}, {"name": "Insel Air", "code": "8I", "name_translations": {"en": "Insel Air"}}, {"name": "\u041e\u0440\u0435\u043d\u0431\u0443\u0440\u0433\u0441\u043a\u0438\u0435 \u0430\u0432\u0438\u0430\u043b\u0438\u043d\u0438\u0438", "code": "R2", "name_translations": {"en": "Orenair"}}, {"name": "Mid Africa Aviation", "code": "8G", "name_translations": {"en": "Mid Africa Aviation"}}, {"name": "\u0410\u043a \u0411\u0430\u0440\u0441 \u0410\u044d\u0440\u043e", "code": "2B", "name_translations": {"en": "Ak Bars Aero"}}, {"name": null, "code": "WI", "name_translations": {"en": "White Airways"}}, {"name": null, "code": "5M", "name_translations": {"en": "Hi Fly Ltd"}}, {"name": "MAYAir", "code": "7M", "name_translations": {"en": "MAYAir"}}, {"name": "Alidaunia", "code": "D4", "name_translations": {"en": "Alidaunia"}}, {"name": "Airkenya Express", "code": "QP", "name_translations": {"en": "Airkenya Express"}}, {"name": null, "code": "A3", "name_translations": {"en": "Aegean Airlines"}}, {"name": null, "code": "I3", "name_translations": {"en": "ATA Airlines"}}, {"name": "Small Planet Airlines", "code": "P7", "name_translations": {"en": "Small Planet Airlines"}}, {"name": "Go!", "code": "G8", "name_translations": {"en": "Go!"}}, {"name": null, "code": "IS", "name_translations": {"en": "AIS Airlines B.V."}}, {"name": null, "code": "CM", "name_translations": {"en": "Copa Airlines"}}, {"name": null, "code": "WE", "name_translations": {"en": "Thai Smile"}}, {"name": "\u0420\u043e\u0441\u0441\u0438\u044f", "code": "FV", "name_translations": {"en": "Rossiya Airlines"}}, {"name": "CommutAir", "code": "C5", "name_translations": {"en": "CommutAir"}}, {"name": null, "code": "O9", "name_translations": {"en": "NOVA Airlines"}}, {"name": "TUI Airlines Netherlands", "code": "OR", "name_translations": {"en": "TUI Airlines Netherlands"}}, {"name": "Hi Air", "code": "4H", "name_translations": {"en": "Hi Air"}}, {"name": null, "code": "4S", "name_translations": {"en": "Solar Cargo, C.A."}}, {"name": null, "code": "4D", "name_translations": {"en": "Air Sinai"}}, {"name": null, "code": "OT", "name_translations": {"en": "Aeropelican Air Services"}}, {"name": "BH Air", "code": "8H", "name_translations": {"en": "BH Air"}}, {"name": "IBC Airways", "code": "II", "name_translations": {"en": "IBC Airways"}}, {"name": "FlyDamas", "code": "4J", "name_translations": {"en": "FlyDamas"}}, {"name": "Tayaran Jet", "code": "E8", "name_translations": {"en": "Tayaran Jet"}}, {"name": "Orient Thai Airlines", "code": "OX", "name_translations": {"en": "Orient Thai Airlines"}}, {"name": null, "code": "JU", "name_translations": {"en": "Air Serbia"}}, {"name": null, "code": "GB", "name_translations": {"en": "ABX Air, Inc."}}, {"name": null, "code": "BX", "name_translations": {"en": "Air Busan"}}, {"name": "Itek Air", "code": "GI", "name_translations": {"en": "Itek Air"}}, {"name": null, "code": "J1", "name_translations": {"en": "One Jet, Inc."}}, {"name": "Jonika Airlines", "code": "JO", "name_translations": {"en": "Jonika Airlines"}}, {"name": null, "code": "OU", "name_translations": {"en": "Croatia Airlines"}}, {"name": "easyJet Switzerland", "code": "DS", "name_translations": {"en": "easyJet Switzerland"}}, {"name": null, "code": "P3", "name_translations": {"en": "Passaredo Linhas Aereas"}}, {"name": null, "code": "W2", "name_translations": {"en": "FlexFlight"}}, {"name": "\u0410\u0437\u0438\u043c\u0443\u0442", "code": "A4", "name_translations": {"en": "Azimut"}}, {"name": "Grumeti Air", "code": "0G", "name_translations": {"en": "Grumeti Air"}}, {"name": "Utair", "code": "UT", "name_translations": {"en": "Utair"}}, {"name": null, "code": "PJ", "name_translations": {"en": "Air Saint Pierre"}}, {"name": "Alaska Seaplane", "code": "J5", "name_translations": {"en": "Alaska Seaplane"}}, {"name": "Public Charters", "code": "P1", "name_translations": {"en": "Public Charters"}}, {"name": "TRIP Linhas A\u00e9reas", "code": "T4", "name_translations": {"en": "TRIP Linhas A\u00e9reas"}}, {"name": "Fuji Dream Airlines", "code": "JH", "name_translations": {"en": "Fuji Dream Airlines"}}, {"name": "Trenitalia", "code": "7T", "name_translations": {"en": "Trenitalia"}}, {"name": null, "code": "VS", "name_translations": {"en": "Virgin Atlantic"}}, {"name": null, "code": "VL", "name_translations": {"en": "Air Via Ltd."}}, {"name": "Portug\u00e1lia", "code": "NI", "name_translations": {"en": "Portug\u00e1lia"}}, {"name": null, "code": "VJ", "name_translations": {"en": "VietjetAir"}}, {"name": "French Armed Forces", "code": "RD", "name_translations": {"en": "French Armed Forces"}}, {"name": null, "code": "RG", "name_translations": {"en": "Rotana Jet"}}, {"name": null, "code": "PY", "name_translations": {"en": "Surinam Airways"}}, {"name": null, "code": "AH", "name_translations": {"en": "Air Algerie"}}, {"name": null, "code": "L1", "name_translations": {"en": "E-Savtravel"}}, {"name": "LATAM Paraguay", "code": "PZ", "name_translations": {"en": "LATAM Paraguay"}}, {"name": null, "code": "OE", "name_translations": {"en": "Laudamotion"}}, {"name": null, "code": "GO", "name_translations": {"en": "ULS Airlines Cargo"}}, {"name": null, "code": "ZR", "name_translations": {"en": "Aviacon Zitotrans Air Company JSC"}}, {"name": null, "code": "KM", "name_translations": {"en": "Air Malta"}}, {"name": null, "code": "BK", "name_translations": {"en": "Okay Airways"}}, {"name": null, "code": "XJ", "name_translations": {"en": "Thai AirAsia X"}}, {"name": "Angara Airlines", "code": "2G", "name_translations": {"en": "Angara Airlines"}}, {"name": "Colorful Guizhou Airlines", "code": "GY", "name_translations": {"en": "Colorful Guizhou Airlines"}}, {"name": null, "code": "K1", "name_translations": {"en": "Topas Co. Ltd."}}, {"name": null, "code": "RV", "name_translations": {"en": "8165343 Canada Inc. dba Air Canada rouge"}}, {"name": null, "code": "5G", "name_translations": {"en": "540 Ghana Ltd."}}, {"name": null, "code": "EY", "name_translations": {"en": "Etihad Airways"}}, {"name": "Avianca Brazil", "code": "O6", "name_translations": {"en": "Avianca Brazil"}}, {"name": "ExpressJet", "code": "EV", "name_translations": {"en": "ExpressJet"}}, {"name": null, "code": "MG", "name_translations": {"en": "Miami Air Lease, Inc."}}, {"name": null, "code": "YH", "name_translations": {"en": "Sunsplash Aviation, LLC."}}, {"name": "Airkenya Express", "code": "P2", "name_translations": {"en": "Airkenya Express"}}, {"name": null, "code": "ZW", "name_translations": {"en": "Air Wisconsin Airlines Corporation(AWAC)"}}, {"name": "Armenia Airways", "code": "6A", "name_translations": {"en": "Armenia Airways"}}, {"name": "Gambia International Airlines", "code": "GC", "name_translations": {"en": "Gambia International Airlines"}}, {"name": null, "code": "H1", "name_translations": {"en": "Hahn Air"}}, {"name": null, "code": "X8", "name_translations": {"en": "Airmax S.A."}}, {"name": null, "code": "H2", "name_translations": {"en": "Sky Airline"}}, {"name": null, "code": "NQ", "name_translations": {"en": "Air Japan"}}, {"name": null, "code": "8L", "name_translations": {"en": "Lucky Air"}}, {"name": "Transportes A\u00e9reos Regionales", "code": "5U", "name_translations": {"en": "Transportes A\u00e9reos Regionales"}}, {"name": null, "code": "2O", "name_translations": {"en": "Redemption Inc."}}, {"name": null, "code": "3N", "name_translations": {"en": "Air Urga"}}, {"name": null, "code": "VU", "name_translations": {"en": "Vuelos Economicos Centroamericanos"}}, {"name": null, "code": "9Q", "name_translations": {"en": "Caicos Express Airways"}}, {"name": "Kartika Airlines", "code": "3Y", "name_translations": {"en": "Kartika Airlines"}}, {"name": null, "code": "MN", "name_translations": {"en": "Comair"}}, {"name": null, "code": "WH", "name_translations": {"en": "Webjet Linhas Aereas"}}, {"name": "Lynx Aviation", "code": "L3", "name_translations": {"en": "Lynx Aviation"}}, {"name": "Yemenia", "code": "IY", "name_translations": {"en": "Yemenia"}}, {"name": null, "code": "RH", "name_translations": {"en": "PT Republic Express Airlines"}}, {"name": null, "code": "2E", "name_translations": {"en": "Smokey Bay Air, Inc."}}, {"name": null, "code": "9K", "name_translations": {"en": "Cape Air"}}, {"name": null, "code": "1B", "name_translations": {"en": "Abacus International Pte. Ltd."}}, {"name": "Neos", "code": "NO", "name_translations": {"en": "Neos"}}, {"name": null, "code": "Q3", "name_translations": {"en": "Anguilla Air Services, Ltd"}}, {"name": null, "code": "CJ", "name_translations": {"en": "BA Cityflyer"}}, {"name": null, "code": "BE", "name_translations": {"en": "Flybe"}}, {"name": null, "code": "FI", "name_translations": {"en": "Icelandair"}}, {"name": null, "code": "FZ", "name_translations": {"en": "Flydubai"}}, {"name": null, "code": "UU", "name_translations": {"en": "Air Austral"}}, {"name": null, "code": "3X", "name_translations": {"en": "Premier Trans Aire Inc."}}, {"name": null, "code": "1Y", "name_translations": {"en": "Electronic Data Systems Corporation"}}, {"name": null, "code": "FS", "name_translations": {"en": "Syphax Airlines"}}, {"name": null, "code": "JL", "name_translations": {"en": "Japan Airlines"}}, {"name": "Smartavia", "code": "5N", "name_translations": {"en": "Smartavia"}}, {"name": "Regent Airways", "code": "RX", "name_translations": {"en": "Regent Airways"}}, {"name": null, "code": "8R", "name_translations": {"en": "Sol Lineas Aereas"}}, {"name": null, "code": "RQ", "name_translations": {"en": "Kam Air"}}, {"name": "CemAir", "code": "5Z", "name_translations": {"en": "CemAir"}}, {"name": null, "code": "6E", "name_translations": {"en": "IndiGo"}}, {"name": "\u0413\u043b\u043e\u0431\u0443\u0441", "code": "GH", "name_translations": {"en": "Globus Airlines"}}, {"name": null, "code": "CB", "name_translations": {"en": "Caribbean Air Export Import Inc."}}, {"name": null, "code": "G4", "name_translations": {"en": "Allegiant Air"}}, {"name": null, "code": "9J", "name_translations": {"en": "Dana Airlines Limited"}}, {"name": "Transavia", "code": "HV", "name_translations": {"en": "Transavia"}}, {"name": "Air Ocean", "code": "0O", "name_translations": {"en": "Air Ocean"}}, {"name": null, "code": "GA", "name_translations": {"en": "Garuda Indonesia"}}, {"name": null, "code": "8U", "name_translations": {"en": "Afriqiyah Airways"}}, {"name": null, "code": "ME", "name_translations": {"en": "Middle East Airlines"}}, {"name": null, "code": "LH", "name_translations": {"en": "Lufthansa"}}, {"name": null, "code": "N6", "name_translations": {"en": "Nomad Aviation (PTY) Ltd."}}, {"name": null, "code": "QG", "name_translations": {"en": "Citilink Airlines"}}, {"name": null, "code": "4C", "name_translations": {"en": "LAN COLOMBIA AIRLINES"}}, {"name": null, "code": "2Z", "name_translations": {"en": "Passaredo Transportes Aereos S.A."}}, {"name": "Starlink Aviation", "code": "Q4", "name_translations": {"en": "Starlink Aviation"}}, {"name": "Skippers Aviation", "code": "HK", "name_translations": {"en": "Skippers Aviation"}}, {"name": "Sqiva Sistem", "code": "Q1", "name_translations": {"en": "Sqiva Sistem"}}, {"name": null, "code": "E7", "name_translations": {"en": "Equaflight Service"}}, {"name": null, "code": "A8", "name_translations": {"en": "Aerolink Uganda Limited"}}, {"name": null, "code": "IT", "name_translations": {"en": "Tigerair Taiwan"}}, {"name": null, "code": "5C", "name_translations": {"en": "Nature Air"}}, {"name": null, "code": "OS", "name_translations": {"en": "Austrian Airlines"}}, {"name": null, "code": "HO", "name_translations": {"en": "Juneyao Airlines"}}, {"name": null, "code": "HC", "name_translations": {"en": "Aero-Tropics Air Services"}}, {"name": "Fly CamInter", "code": "EF", "name_translations": {"en": "Fly CamInter"}}, {"name": null, "code": "M7", "name_translations": {"en": "Marsland Aviation"}}, {"name": null, "code": "SK", "name_translations": {"en": "Scandinavian Airlines"}}, {"name": "European Air Transport", "code": "QY", "name_translations": {"en": "European Air Transport"}}, {"name": null, "code": "P5", "name_translations": {"en": "Aerorepublica"}}, {"name": null, "code": "5T", "name_translations": {"en": "Canadian North"}}, {"name": null, "code": "KL", "name_translations": {"en": "KLM"}}, {"name": "Polar Airlines", "code": "PI", "name_translations": {"en": "Polar Airlines"}}, {"name": null, "code": "VN", "name_translations": {"en": "Vietnam Airlines"}}, {"name": "Lao Skyway", "code": "LK", "name_translations": {"en": "Lao Skyway"}}, {"name": "Aero VIP", "code": "NJ", "name_translations": {"en": "Aero VIP"}}, {"name": null, "code": "ZN", "name_translations": {"en": "NAYSA"}}, {"name": null, "code": "WW", "name_translations": {"en": "WOW Air ehf"}}, {"name": "Avior Airlines", "code": "3R", "name_translations": {"en": "Avior Airlines"}}, {"name": "Cubana de Aviaci\u00f3n", "code": "CU", "name_translations": {"en": "Cubana de Aviaci\u00f3n"}}, {"name": null, "code": "IR", "name_translations": {"en": "Iran Air"}}, {"name": null, "code": "VA", "name_translations": {"en": "Virgin Australia"}}, {"name": null, "code": "H8", "name_translations": {"en": "Hesa Airlines"}}, {"name": null, "code": "GL", "name_translations": {"en": "Air Greenland"}}, {"name": null, "code": "XC", "name_translations": {"en": "Corendon Airlines"}}, {"name": "Euro-Asia Air", "code": "6Z", "name_translations": {"en": "Euro-Asia Air"}}, {"name": "Spring Airlines", "code": "9C", "name_translations": {"en": "Spring Airlines"}}, {"name": "LATAM Brasil", "code": "JJ", "name_translations": {"en": "LATAM Brasil"}}, {"name": "FlyArystan", "code": "0Y", "name_translations": {"en": "FlyArystan"}}, {"name": null, "code": "6Y", "name_translations": {"en": "SmartLynx Airlines"}}, {"name": null, "code": "K4", "name_translations": {"en": "ALS Ltd."}}, {"name": "T'way Air", "code": "TW", "name_translations": {"en": "T'way Air"}}, {"name": "Asia Atlantic Airlines", "code": "HB", "name_translations": {"en": "Asia Atlantic Airlines"}}, {"name": "\u0420\u0435\u0434 \u0412\u0438\u043d\u0433\u0441", "code": "WZ", "name_translations": {"en": "Red Wings Airlines"}}, {"name": null, "code": "MH", "name_translations": {"en": "Malaysia Airlines"}}, {"name": "Air Incheon", "code": "KJ", "name_translations": {"en": "Air Incheon"}}, {"name": null, "code": "J6", "name_translations": {"en": "Jet Ops"}}, {"name": "Trade Air", "code": "C3", "name_translations": {"en": "Trade Air"}}, {"name": null, "code": "BB", "name_translations": {"en": "Seaborne Airlines"}}, {"name": "Air Panama", "code": "7P", "name_translations": {"en": "Air Panama"}}, {"name": "Evelop Airlines", "code": "E9", "name_translations": {"en": "Evelop Airlines"}}, {"name": null, "code": "K6", "name_translations": {"en": "Cambodia Angkor Air"}}, {"name": null, "code": "SQ", "name_translations": {"en": "Singapore Airlines"}}, {"name": null, "code": "3E", "name_translations": {"en": "Air Choice One"}}, {"name": null, "code": "JS", "name_translations": {"en": "Air Koryo"}}, {"name": null, "code": "CO", "name_translations": {"en": "Cobalt Air"}}, {"name": "American Eagle", "code": "ZZ", "name_translations": {"en": "American Eagle"}}, {"name": null, "code": "M5", "name_translations": {"en": "Kenmore Air"}}, {"name": "Condor", "code": "DF", "name_translations": {"en": "Condor"}}, {"name": null, "code": "PG", "name_translations": {"en": "Bangkok Airways"}}, {"name": "\u0412\u0438\u043c-\u0410\u0432\u0438\u0430", "code": "NN", "name_translations": {"en": "VIM Airlines"}}, {"name": null, "code": "EX", "name_translations": {"en": "Thai Express Air Co. Ltd"}}, {"name": "Loong Air", "code": "GJ", "name_translations": {"en": "Loong Air"}}, {"name": null, "code": "9U", "name_translations": {"en": "Air Moldova"}}, {"name": "NordStar", "code": "Y7", "name_translations": {"en": "NordStar"}}, {"name": "Yangtze River Express", "code": "Y8", "name_translations": {"en": "Yangtze River Express"}}, {"name": null, "code": "8A", "name_translations": {"en": "Panama Airways"}}, {"name": "Aviateca", "code": "GU", "name_translations": {"en": "Aviateca"}}, {"name": null, "code": "CL", "name_translations": {"en": "Lufthansa CityLine"}}, {"name": null, "code": "V4", "name_translations": {"en": "Vieques Air Link"}}, {"name": null, "code": "4X", "name_translations": {"en": "Mercury Air Cargo, Inc."}}, {"name": null, "code": "AC", "name_translations": {"en": "Air Canada"}}, {"name": null, "code": "M6", "name_translations": {"en": "Amerijet International Inc."}}, {"name": null, "code": "BJ", "name_translations": {"en": "Nouvelair"}}, {"name": null, "code": "GE", "name_translations": {"en": "Transasia Airways"}}, {"name": "MNG Airlines", "code": "MB", "name_translations": {"en": "MNG Airlines"}}, {"name": "Sun Air Express", "code": "6G", "name_translations": {"en": "Sun Air Express"}}, {"name": null, "code": "RM", "name_translations": {"en": "Armenia Aircompany"}}, {"name": "Peruvian Airlines", "code": "P9", "name_translations": {"en": "Peruvian Airlines"}}, {"name": null, "code": "ZB", "name_translations": {"en": "Monarch Airlines"}}, {"name": null, "code": "9M", "name_translations": {"en": "Central Mountain Air"}}, {"name": "Cargolux", "code": "CV", "name_translations": {"en": "Cargolux"}}, {"name": "Air Freight NZ", "code": "OG", "name_translations": {"en": "Air Freight NZ"}}, {"name": "Tailwind Airlines", "code": "TI", "name_translations": {"en": "Tailwind Airlines"}}, {"name": "Sharp Airlines", "code": "SH", "name_translations": {"en": "Sharp Airlines"}}, {"name": null, "code": "3A", "name_translations": {"en": "Chu Kong Passenger Transport Co. Ltd."}}, {"name": null, "code": "SP", "name_translations": {"en": "SATA Air Acores"}}, {"name": "LGW Luftfahrtgesellschaft Walter", "code": "HE", "name_translations": {"en": "LGW Luftfahrtgesellschaft Walter"}}, {"name": null, "code": "1Z", "name_translations": {"en": "Sabre Pacific"}}, {"name": null, "code": "YO", "name_translations": {"en": "Heli Air Monaco"}}, {"name": null, "code": "MY", "name_translations": {"en": "Maya Island Air"}}, {"name": "Premier Airlines", "code": "0M", "name_translations": {"en": "Premier Airlines"}}, {"name": "East Horizon Airlines", "code": "EA", "name_translations": {"en": "East Horizon Airlines"}}, {"name": "Taquan Air", "code": "K3", "name_translations": {"en": "Taquan Air"}}, {"name": "StarFlyer", "code": "7G", "name_translations": {"en": "StarFlyer"}}, {"name": null, "code": "ES", "name_translations": {"en": "DHL Aviation EEMEA B.S.C.(c)"}}, {"name": "Papillon Airways", "code": "HI", "name_translations": {"en": "Papillon Airways"}}, {"name": null, "code": "VG", "name_translations": {"en": "VLM Airlines"}}, {"name": null, "code": "Y9", "name_translations": {"en": "Kish Airlines"}}, {"name": "NAM Air", "code": "IN", "name_translations": {"en": "NAM Air"}}, {"name": null, "code": "U5", "name_translations": {"en": "Karinou Airlines"}}, {"name": null, "code": "UW", "name_translations": {"en": "Uni-Top Airlines"}}, {"name": null, "code": "IL", "name_translations": {"en": "PT.Trigana Air Service"}}, {"name": "French Blue", "code": "BF", "name_translations": {"en": "French Blue"}}, {"name": "HiSky", "code": "H7", "name_translations": {"en": "HiSky"}}, {"name": "Aztec Airways", "code": "AJ", "name_translations": {"en": "Aztec Airways"}}, {"name": null, "code": "FF", "name_translations": {"en": "Airshop B.V."}}, {"name": null, "code": "F5", "name_translations": {"en": "Aerotranscargo"}}, {"name": "Bringer Air Cargo", "code": "E6", "name_translations": {"en": "Bringer Air Cargo"}}, {"name": "Cinnamon Air", "code": "C7", "name_translations": {"en": "Cinnamon Air"}}, {"name": "Myanmar Airways International", "code": "8M", "name_translations": {"en": "Myanmar Airways International"}}, {"name": null, "code": "JV", "name_translations": {"en": "Bearskin Airlines"}}, {"name": "InterCaribbean Airways", "code": "JY", "name_translations": {"en": "InterCaribbean Airways"}}, {"name": null, "code": "NP", "name_translations": {"en": "Nile Air"}}, {"name": "OAG", "code": "CR", "name_translations": {"en": "OAG"}}, {"name": null, "code": "SS", "name_translations": {"en": "Corsair International"}}, {"name": null, "code": "ZI", "name_translations": {"en": "Aigle Azur"}}, {"name": null, "code": "FQ", "name_translations": {"en": "Brindabella Airlines"}}, {"name": null, "code": "HG", "name_translations": {"en": "Niki"}}, {"name": null, "code": "US", "name_translations": {"en": "US Airways"}}, {"name": "Avianca Costa Rica", "code": "LR", "name_translations": {"en": "Avianca Costa Rica"}}, {"name": "Ibex Airlines", "code": "FW", "name_translations": {"en": "Ibex Airlines"}}, {"name": null, "code": "RA", "name_translations": {"en": "Royal Nepal Airlines"}}, {"name": null, "code": "EK", "name_translations": {"en": "Emirates"}}, {"name": null, "code": "XR", "name_translations": {"en": "Virgin Australia"}}, {"name": "Hinterland Aviation", "code": "OI", "name_translations": {"en": "Hinterland Aviation"}}, {"name": null, "code": "G5", "name_translations": {"en": "China Express Airlines"}}, {"name": null, "code": "WS", "name_translations": {"en": "Westjet"}}, {"name": "Pegas Fly", "code": "EO", "name_translations": {"en": "Pegas Fly"}}, {"name": null, "code": "BA", "name_translations": {"en": "British Airways"}}, {"name": null, "code": "W3", "name_translations": {"en": "Arik Air"}}, {"name": null, "code": "CS", "name_translations": {"en": "Continental Micronesia, Inc."}}, {"name": null, "code": "8D", "name_translations": {"en": "FITS Aviation (Pvt) Ltd"}}, {"name": null, "code": "TD", "name_translations": {"en": "Atlantis European Airways"}}, {"name": null, "code": "QH", "name_translations": {"en": "Bamboo Airways"}}, {"name": null, "code": "MK", "name_translations": {"en": "Air Mauritius"}}, {"name": null, "code": "TZ", "name_translations": {"en": "Scoot"}}, {"name": "\u0420\u0443\u0441\u043b\u0430\u0439\u043d", "code": "7R", "name_translations": {"en": "RusLine"}}, {"name": null, "code": "1L", "name_translations": {"en": "CitizenPlane"}}, {"name": "NokScoot", "code": "XW", "name_translations": {"en": "NokScoot"}}, {"name": null, "code": "5S", "name_translations": {"en": "Global Aviation Services Group"}}, {"name": null, "code": "W4", "name_translations": {"en": "LC Busre SAC"}}, {"name": "Bulgarian Air Charter", "code": "H6", "name_translations": {"en": "Bulgarian Air Charter"}}, {"name": null, "code": "XU", "name_translations": {"en": "African Express Airways (K)  Limited"}}, {"name": null, "code": "6M", "name_translations": {"en": "Zacarias Moreno"}}, {"name": null, "code": "MI", "name_translations": {"en": "Silkair"}}, {"name": "Up Israel", "code": "86", "name_translations": {"en": "Up Israel"}}, {"name": "\u0423\u0437\u0431\u0435\u043a\u0441\u043a\u0438\u0435 \u0430\u0432\u0438\u0430\u043b\u0438\u043d\u0438\u0438 (Uzbekistan Airways)", "code": "HY", "name_translations": {"en": "Uzbekistan Airways"}}, {"name": null, "code": "BS", "name_translations": {"en": "US-Bangla Airlines"}}, {"name": null, "code": "ET", "name_translations": {"en": "Ethiopian Airlines"}}, {"name": "LAN Chile Cargo", "code": "UC", "name_translations": {"en": "LAN Chile Cargo"}}, {"name": "North-Wright Airways", "code": "HW", "name_translations": {"en": "North-Wright Airways"}}, {"name": "EgyptAir", "code": "MS", "name_translations": {"en": "EgyptAir"}}, {"name": null, "code": "TP", "name_translations": {"en": "TAP Portugal"}}, {"name": null, "code": "Y4", "name_translations": {"en": "Volaris"}}, {"name": "Tandem Aero", "code": "TQ", "name_translations": {"en": "Tandem Aero"}}, {"name": "CM Airlines", "code": "CC", "name_translations": {"en": "CM Airlines"}}, {"name": null, "code": "Q7", "name_translations": {"en": "SkyBahamas Airlines"}}, {"name": null, "code": "D6", "name_translations": {"en": "Inter Air"}}, {"name": null, "code": "RB", "name_translations": {"en": "Syrian Arab Airlines"}}, {"name": null, "code": "TY", "name_translations": {"en": "Air Caledonie"}}, {"name": "\u0412\u043e\u043b\u0433\u0430-\u0414\u043d\u0435\u043f\u0440", "code": "VI", "name_translations": {"en": "Volga-Dnepr Airlines"}}, {"name": "Air Armenia", "code": "QN", "name_translations": {"en": "Air Armenia"}}, {"name": null, "code": "3J", "name_translations": {"en": "Cargo Three Inc. dba Pan Air Cargo"}}, {"name": null, "code": "3S", "name_translations": {"en": "Air Antilles Express"}}, {"name": null, "code": "PQ", "name_translations": {"en": "SkyUp Airlines"}}, {"name": "STP Airways", "code": "8F", "name_translations": {"en": "STP Airways"}}, {"name": null, "code": "5F", "name_translations": {"en": "FlyOne"}}, {"name": null, "code": "EI", "name_translations": {"en": "Aer Lingus"}}, {"name": null, "code": "L6", "name_translations": {"en": "Mauritania Airlines International"}}, {"name": null, "code": "J8", "name_translations": {"en": "Berjaya Air"}}, {"name": "Air Mandalay", "code": "6T", "name_translations": {"en": "Air Mandalay"}}, {"name": null, "code": "VR", "name_translations": {"en": "TACV Cabo Verde Airlines"}}, {"name": "Chang An Airlines", "code": "9H", "name_translations": {"en": "Chang An Airlines"}}, {"name": null, "code": "A9", "name_translations": {"en": "Georgian Airways"}}, {"name": null, "code": "1I", "name_translations": {"en": "ChallengAir"}}, {"name": "Kyrgyz Trans Avia", "code": "6K", "name_translations": {"en": "Kyrgyz Trans Avia"}}, {"name": "Servicios A\u00e9reos de los Andes", "code": "FP", "name_translations": {"en": "Servicios A\u00e9reos de los Andes"}}, {"name": null, "code": "XD", "name_translations": {"en": "Air Transport Association of Americad\\b\\a Airlines for America"}}, {"name": null, "code": "IP", "name_translations": {"en": "Apsara International Air"}}, {"name": "Jetstar Pacific Airlines", "code": "BL", "name_translations": {"en": "Jetstar Pacific Airlines"}}, {"name": null, "code": "DD", "name_translations": {"en": "Nok Air"}}, {"name": "Zambezi Airlines", "code": "ZJ", "name_translations": {"en": "Zambezi Airlines"}}, {"name": null, "code": "LJ", "name_translations": {"en": "Jin Air"}}, {"name": null, "code": "CA", "name_translations": {"en": "Air China"}}, {"name": null, "code": "TJ", "name_translations": {"en": "Tradewind Aviation"}}, {"name": null, "code": "MR", "name_translations": {"en": "Hunnu Air"}}, {"name": null, "code": "CN", "name_translations": {"en": "Grand China Air"}}, {"name": null, "code": "X1", "name_translations": {"en": "Fortune"}}, {"name": null, "code": "KZ", "name_translations": {"en": "Nippon Cargo Airlines"}}, {"name": null, "code": "ZA", "name_translations": {"en": "Skywings Asia Airlines Co., Ltd."}}, {"name": null, "code": "X9", "name_translations": {"en": "Avion Express"}}, {"name": "AirAsia India", "code": "I5", "name_translations": {"en": "AirAsia India"}}, {"name": "TUIfly Nordic", "code": "6B", "name_translations": {"en": "TUIfly Nordic"}}, {"name": null, "code": "UP", "name_translations": {"en": "Bahamasair"}}, {"name": null, "code": "AY", "name_translations": {"en": "Finnair"}}, {"name": null, "code": "9E", "name_translations": {"en": "Endeavor Air"}}, {"name": null, "code": "JR", "name_translations": {"en": "Joy Air"}}, {"name": "9 Air", "code": "AQ", "name_translations": {"en": "9 Air"}}, {"name": "BRA", "code": "TF", "name_translations": {"en": "BRA"}}, {"name": null, "code": "DG", "name_translations": {"en": "Tigerair Philippines"}}, {"name": null, "code": "WC", "name_translations": {"en": "Islena de Inversiones S.A. de C.V.dba Islena Airlines"}}, {"name": null, "code": "DT", "name_translations": {"en": "TAAG Angola Airlines"}}, {"name": null, "code": "WA", "name_translations": {"en": "KLM Cityhopper"}}, {"name": "Norwegian Air", "code": "DI", "name_translations": {"en": "Norwegian Air"}}, {"name": null, "code": "1G", "name_translations": {"en": "Travelport Global Distribution SystemB.V."}}, {"name": null, "code": "5X", "name_translations": {"en": "UPS"}}, {"name": "CEIBA Intercontinental", "code": "C2", "name_translations": {"en": "CEIBA Intercontinental"}}, {"name": null, "code": "QS", "name_translations": {"en": "SmartWings"}}, {"name": null, "code": "WJ", "name_translations": {"en": "Labrador Airways Limited"}}, {"name": "Sky Regional Airlines", "code": "RS", "name_translations": {"en": "Sky Regional Airlines"}}, {"name": "Skyward Express", "code": "OW", "name_translations": {"en": "Skyward Express"}}, {"name": "Chongqing Airlines", "code": "OQ", "name_translations": {"en": "Chongqing Airlines"}}, {"name": null, "code": "BG", "name_translations": {"en": "Biman Bangladesh Airlines"}}, {"name": "Martinair", "code": "MP", "name_translations": {"en": "Martinair"}}, {"name": null, "code": "7C", "name_translations": {"en": "Jeju Air"}}, {"name": "Pascan Aviation", "code": "P6", "name_translations": {"en": "Pascan Aviation"}}, {"name": "Compass Airlines", "code": "CP", "name_translations": {"en": "Compass Airlines"}}, {"name": null, "code": "YM", "name_translations": {"en": "Air Montenegro"}}, {"name": "Nesma Airlines", "code": "NA", "name_translations": {"en": "Nesma Airlines"}}, {"name": null, "code": "FH", "name_translations": {"en": "Freebird Airlines"}}, {"name": "Monacair", "code": "QM", "name_translations": {"en": "Monacair"}}, {"name": "Mann Yadanarpon Airlines", "code": "7Y", "name_translations": {"en": "Mann Yadanarpon Airlines"}}, {"name": "DOT LT", "code": "R6", "name_translations": {"en": "DOT LT"}}, {"name": "JETGO Australia", "code": "JG", "name_translations": {"en": "JETGO Australia"}}, {"name": null, "code": "4N", "name_translations": {"en": "Air North Charter and Training Ltd."}}, {"name": "AnadoluJet", "code": "0T", "name_translations": {"en": "AnadoluJet"}}, {"name": "ASL Airlines France", "code": "5O", "name_translations": {"en": "ASL Airlines France"}}, {"name": null, "code": "KS", "name_translations": {"en": "Penair"}}, {"name": null, "code": "AL", "name_translations": {"en": "Malta Air"}}, {"name": null, "code": "I2", "name_translations": {"en": "Iberia Express"}}, {"name": "Aerol\u00edneas Sosa", "code": "P4", "name_translations": {"en": "Aerol\u00edneas Sosa"}}, {"name": "Air Service Liege", "code": "L4", "name_translations": {"en": "Air Service Liege"}}, {"name": null, "code": "9W", "name_translations": {"en": "Jet Airways"}}, {"name": null, "code": "O3", "name_translations": {"en": "Orange Air, LLCN/A"}}, {"name": null, "code": "AN", "name_translations": {"en": "HOP!"}}, {"name": null, "code": "K8", "name_translations": {"en": "Kan Air"}}, {"name": "GoJet Airlines", "code": "G7", "name_translations": {"en": "GoJet Airlines"}}, {"name": null, "code": "BV", "name_translations": {"en": "Blue Panorama Airlines"}}, {"name": "Avianca Ecuador", "code": "2K", "name_translations": {"en": "Avianca Ecuador"}}, {"name": "SkyWest Airlines", "code": "OO", "name_translations": {"en": "SkyWest Airlines"}}, {"name": null, "code": "VB", "name_translations": {"en": "VivaAerobus"}}, {"name": null, "code": "2U", "name_translations": {"en": "Sun d'Or International Airlines"}}, {"name": "Jet Aviation Business", "code": "PP", "name_translations": {"en": "Jet Aviation Business"}}, {"name": null, "code": "VZ", "name_translations": {"en": "Thai Vietjet Air"}}, {"name": null, "code": "4V", "name_translations": {"en": "Lignes Aeriennes Congolaises"}}, {"name": null, "code": "1X", "name_translations": {"en": "Fly Branson Travel dba Branson AirExpress"}}, {"name": "40-Mile Air", "code": "Q5", "name_translations": {"en": "40-Mile Air"}}, {"name": "Hi Fly", "code": "5K", "name_translations": {"en": "Hi Fly"}}, {"name": "Renegade Air", "code": "0R", "name_translations": {"en": "Renegade Air"}}, {"name": null, "code": "WY", "name_translations": {"en": "Oman Air"}}, {"name": null, "code": "2R", "name_translations": {"en": "VIA Rail Canada Inc."}}, {"name": null, "code": "HU", "name_translations": {"en": "Hainan Airlines"}}, {"name": null, "code": "QR", "name_translations": {"en": "Qatar Airways"}}, {"name": null, "code": "KU", "name_translations": {"en": "Kuwait Airways"}}, {"name": null, "code": "D3", "name_translations": {"en": "Daallo Airlines"}}, {"name": null, "code": "ZH", "name_translations": {"en": "Shenzhen Airlines"}}, {"name": null, "code": "U2", "name_translations": {"en": "EasyJet"}}, {"name": null, "code": "HA", "name_translations": {"en": "Hawaiian Airlines"}}, {"name": null, "code": "V2", "name_translations": {"en": "Vision Airlines"}}, {"name": null, "code": "9F", "name_translations": {"en": "Eurostar"}}, {"name": "CanJet", "code": "C6", "name_translations": {"en": "CanJet"}}, {"name": null, "code": "WM", "name_translations": {"en": "Winair"}}, {"name": null, "code": "7F", "name_translations": {"en": "First Air"}}, {"name": null, "code": "SF", "name_translations": {"en": "Tassili Airlines"}}, {"name": null, "code": "\u0422\u0424", "name_translations": {"en": "Avia Traffic Company"}}, {"name": null, "code": "DL", "name_translations": {"en": "Delta Air Lines"}}, {"name": "LAN Express", "code": "LU", "name_translations": {"en": "LAN Express"}}, {"name": null, "code": "MO", "name_translations": {"en": "Calm Air International"}}, {"name": null, "code": "X3", "name_translations": {"en": "TUI fly"}}, {"name": null, "code": "QX", "name_translations": {"en": "Horizon Air"}}, {"name": "Stobart Air", "code": "RE", "name_translations": {"en": "Stobart Air"}}, {"name": null, "code": "3Z", "name_translations": {"en": "Travel Service Polska Sp. z.o.o."}}, {"name": "Air Flamenco", "code": "F4", "name_translations": {"en": "Air Flamenco"}}, {"name": "Atlas Air", "code": "5Y", "name_translations": {"en": "Atlas Air"}}, {"name": "SkyJet", "code": "M8", "name_translations": {"en": "SkyJet"}}, {"name": "Mexicana de Aviaci\u00f3n", "code": "MX", "name_translations": {"en": "Mexicana de Aviaci\u00f3n"}}, {"name": "Australian Airlines", "code": "AO", "name_translations": {"en": "Australian Airlines"}}, {"name": "AirAsia Zest", "code": "Z2", "name_translations": {"en": "AirAsia Zest"}}, {"name": null, "code": "TR", "name_translations": {"en": "Scoot"}}, {"name": null, "code": "BM", "name_translations": {"en": "BMI Regional"}}, {"name": "\u041a\u043e\u043c\u0438\u0430\u0432\u0438\u0430\u0442\u0440\u0430\u043d\u0441", "code": "KO", "name_translations": {"en": "Komiaviatrans"}}, {"name": "Maluti Sky", "code": "7D", "name_translations": {"en": "Maluti Sky"}}, {"name": null, "code": "JD", "name_translations": {"en": "Beijing Capital Airlines"}}, {"name": null, "code": "TA", "name_translations": {"en": "TACA Airlines"}}, {"name": null, "code": "L8", "name_translations": {"en": "Afric Aviation"}}, {"name": "Air Alsie", "code": "6I", "name_translations": {"en": "Air Alsie"}}, {"name": null, "code": "KK", "name_translations": {"en": "Atlas Global Airlines"}}, {"name": "TAB - Transportes A\u00e9reos Bolivianos", "code": "B1", "name_translations": {"en": "TAB - Transportes A\u00e9reos Bolivianos"}}, {"name": null, "code": "FB", "name_translations": {"en": "Bulgaria Air"}}, {"name": "Jiangxi Air", "code": "RY", "name_translations": {"en": "Jiangxi Air"}}, {"name": null, "code": "4Z", "name_translations": {"en": "Airlink"}}, {"name": "AirBridgeCargo", "code": "RU", "name_translations": {"en": "AirBridgeCargo"}}, {"name": "ANA Wings", "code": "EH", "name_translations": {"en": "ANA Wings"}}, {"name": null, "code": "A6", "name_translations": {"en": "Air Alps Aviation"}}, {"name": null, "code": "5I", "name_translations": {"en": "Alsa Grupo SLU"}}, {"name": "Sunday Express", "code": "0S", "name_translations": {"en": "Sunday Express"}}, {"name": null, "code": "VK", "name_translations": {"en": "Level"}}, {"name": null, "code": "UG", "name_translations": {"en": "Tunisair Express"}}, {"name": null, "code": "CY", "name_translations": {"en": "Cyprus Airways"}}, {"name": "Air Tindi", "code": "8T", "name_translations": {"en": "Air Tindi"}}, {"name": "Qingdao Airlines", "code": "QW", "name_translations": {"en": "Qingdao Airlines"}}, {"name": "Douniah Airlines", "code": "DH", "name_translations": {"en": "Douniah Airlines"}}, {"name": "Elite Airways", "code": "7Q", "name_translations": {"en": "Elite Airways"}}, {"name": null, "code": "AU", "name_translations": {"en": "Austral Lineas Aereas"}}, {"name": null, "code": "AR", "name_translations": {"en": "Aerolineas Argentinas"}}, {"name": null, "code": "4E", "name_translations": {"en": "Stabo Air Limited"}}, {"name": "Travel Service Slovensko", "code": "6D", "name_translations": {"en": "Travel Service Slovensko"}}, {"name": null, "code": "HX", "name_translations": {"en": "Hong Kong Airlines"}}, {"name": null, "code": "N7", "name_translations": {"en": "Nordic Regional Airline"}}, {"name": null, "code": "B6", "name_translations": {"en": "JetBlue Airways"}}, {"name": "Air Iceland", "code": "NY", "name_translations": {"en": "Air Iceland"}}, {"name": null, "code": "QF", "name_translations": {"en": "Qantas"}}]